replica,experimento,hiperparametro,valor_hiperparametro,orden_valor,tiempo_entrenamiento,accuracy_train,accuracy_test,error_test,gap_accuracy,f1_test,recall_test,auc_test
0,cantidad_arboles,n_estimators,10,0,0.03249187511391938,0.9988910451899086,0.9896574014221073,0.010342598577892659,0.009233643767801225,0.9782608695652174,0.9651474530831099,0.9953711104311009
1,cantidad_arboles,n_estimators,10,0,0.015771250007674098,0.9991682838924314,0.9928894634776988,0.007110536522301203,0.0062788204147326,0.9850746268656716,0.9731903485254692,0.9977415038067878
2,cantidad_arboles,n_estimators,10,0,0.02471216698177159,0.9988910451899086,0.9922430510665805,0.007756948933419494,0.00664799412332806,0.983739837398374,0.9731903485254692,0.998080620778165
3,cantidad_arboles,n_estimators,10,0,0.015842458931729198,0.9988910451899086,0.9909502262443439,0.009049773755656076,0.007940818945564643,0.981029810298103,0.9705093833780161,0.9949943137962375
4,cantidad_arboles,n_estimators,10,0,0.01523337489925325,0.9983365677848628,0.9909502262443439,0.009049773755656076,0.00738634154051887,0.981029810298103,0.9705093833780161,0.997810012285854
5,cantidad_arboles,n_estimators,10,0,0.015483791939914227,0.9991682838924314,0.9915966386554622,0.008403361344537785,0.007571645236969182,0.9824561403508771,0.9758713136729222,0.9951062109787121
6,cantidad_arboles,n_estimators,10,0,0.01338133285753429,0.9994455225949542,0.9896574014221073,0.010342598577892659,0.009788121172846886,0.9782016348773842,0.9624664879356568,0.9951153454425875
7,cantidad_arboles,n_estimators,10,0,0.015282667009159923,0.9988910451899086,0.9903038138332256,0.009696186166774368,0.008587231356682934,0.979757085020243,0.9731903485254692,0.9952135409292491
8,cantidad_arboles,n_estimators,10,0,0.01537983282469213,0.9986138064873856,0.995475113122172,0.004524886877828038,0.003138693365213663,0.9906040268456375,0.9892761394101877,0.9969890523450453
9,cantidad_arboles,n_estimators,10,0,0.015010334085673094,0.9983365677848628,0.9928894634776988,0.007110536522301203,0.005447104307163997,0.9851150202976996,0.9758713136729222,0.997957305515846
10,cantidad_arboles,n_estimators,10,0,0.015116250142455101,0.9988910451899086,0.9903038138332256,0.009696186166774368,0.008587231356682934,0.9796472184531886,0.967828418230563,0.9991881745230669
11,cantidad_arboles,n_estimators,10,0,0.013179750181734562,0.9997227612974772,0.9896574014221073,0.010342598577892659,0.010065359875369828,0.978319783197832,0.967828418230563,0.9963816104973259
12,cantidad_arboles,n_estimators,10,0,0.015798750100657344,0.9991682838924314,0.9915966386554622,0.008403361344537785,0.007571645236969182,0.9823129251700681,0.967828418230563,0.9953676850071478
13,cantidad_arboles,n_estimators,10,0,0.013211249839514494,0.9988910451899086,0.9883645765998708,0.011635423400129241,0.010526468590037807,0.9754098360655737,0.9571045576407506,0.9938684911235847
14,cantidad_arboles,n_estimators,10,0,0.015129458857700229,0.9986138064873856,0.9903038138332256,0.009696186166774368,0.008309992654159992,0.9795918367346939,0.9651474530831099,0.9950559714273971
15,cantidad_arboles,n_estimators,10,0,0.015340042067691684,0.9986138064873856,0.989010989010989,0.01098901098901095,0.009602817476396575,0.9768707482993197,0.9624664879356568,0.9993309005211212
16,cantidad_arboles,n_estimators,10,0,0.013864166103303432,0.9986138064873856,0.989010989010989,0.01098901098901095,0.009602817476396575,0.9767441860465116,0.9571045576407506,0.9975382619855584
17,cantidad_arboles,n_estimators,10,0,0.014988332986831665,0.9986138064873856,0.9941822882999354,0.005817711700064621,0.004431518187450245,0.9878213802435724,0.9785522788203753,0.9981137332097136
18,cantidad_arboles,n_estimators,10,0,0.015155334025621414,0.9983365677848628,0.9851325145442793,0.014867485455720697,0.013204053240583491,0.9686221009549796,0.9517426273458445,0.993344401258729
19,cantidad_arboles,n_estimators,10,0,0.014416999882087111,0.9988910451899086,0.9870717517776342,0.012928248222365823,0.01181929341227439,0.9728260869565217,0.9597855227882037,0.9963439308338395
20,cantidad_arboles,n_estimators,10,0,0.01324466709047556,0.997782090379817,0.9903038138332256,0.009696186166774368,0.007478276546591389,0.9795918367346939,0.9651474530831099,0.9960402099099799
21,cantidad_arboles,n_estimators,10,0,0.013605166925117373,0.9994455225949542,0.9915966386554622,0.008403361344537785,0.007848883939492013,0.9823129251700681,0.967828418230563,0.9925576955574534
22,cantidad_arboles,n_estimators,10,0,0.01313470909371972,0.9991682838924314,0.9903038138332256,0.009696186166774368,0.008864470059205765,0.9796472184531886,0.967828418230563,0.992215153162123
23,cantidad_arboles,n_estimators,10,0,0.013980333926156163,0.9986138064873856,0.9896574014221073,0.010342598577892659,0.008956405065278283,0.978319783197832,0.967828418230563,0.995039986115615
24,cantidad_arboles,n_estimators,10,0,0.013536375015974045,0.9991682838924314,0.9883645765998708,0.011635423400129241,0.010803707292560638,0.9753424657534246,0.9544235924932976,0.9948812748057785
25,cantidad_arboles,n_estimators,10,0,0.015454624779522419,0.9991682838924314,0.9928894634776988,0.007110536522301203,0.0062788204147326,0.9852348993288591,0.9839142091152815,0.9995729638138213
26,cantidad_arboles,n_estimators,10,0,0.013236666796728969,0.9991682838924314,0.995475113122172,0.004524886877828038,0.003693170770259435,0.9906040268456375,0.9892761394101877,0.9967698252120337
27,cantidad_arboles,n_estimators,10,0,0.014571582898497581,0.9983365677848628,0.9922430510665805,0.007756948933419494,0.006093516718282288,0.983739837398374,0.9731903485254692,0.9980943224739782
28,cantidad_arboles,n_estimators,10,0,0.015670916065573692,0.9988910451899086,0.9909502262443439,0.009049773755656076,0.007940818945564643,0.9812332439678284,0.9812332439678284,0.9965448890391001
29,cantidad_arboles,n_estimators,10,0,0.01559399999678135,0.9997227612974772,0.9941822882999354,0.005817711700064621,0.00554047299754179,0.9877883310719131,0.9758713136729222,0.9967789596759092
0,cantidad_arboles,n_estimators,50,1,0.05920579214580357,0.9994455225949542,0.9948287007110537,0.005171299288946329,0.004616821883900557,0.9892183288409704,0.9839142091152815,0.9976478755520642
1,cantidad_arboles,n_estimators,50,1,0.055205499986186624,0.9994455225949542,0.9961215255332903,0.003878474466709747,0.0033239970616639747,0.9919137466307277,0.9865951742627346,0.999438230471658
2,cantidad_arboles,n_estimators,50,1,0.05531137506477535,0.9997227612974772,0.9948287007110537,0.005171299288946329,0.004894060586423499,0.9892183288409704,0.9839142091152815,0.9996871446122648
3,cantidad_arboles,n_estimators,50,1,0.043998291017487645,0.9994455225949542,0.9922430510665805,0.007756948933419494,0.007202471528373722,0.9837837837837838,0.9758713136729222,0.9974195139551771
4,cantidad_arboles,n_estimators,50,1,0.05425679194740951,1.0,0.9922430510665805,0.007756948933419494,0.007756948933419494,0.9838709677419355,0.9812332439678284,0.997765481774461
5,cantidad_arboles,n_estimators,50,1,0.044010958168655634,1.0,0.9948287007110537,0.005171299288946329,0.005171299288946329,0.9891891891891892,0.9812332439678284,0.996221757379505
6,cantidad_arboles,n_estimators,50,1,0.04415712505578995,1.0,0.9928894634776988,0.007110536522301203,0.007110536522301203,0.9851551956815114,0.9785522788203753,0.9958735059442525
7,cantidad_arboles,n_estimators,50,1,0.05268108402378857,1.0,0.9909502262443439,0.009049773755656076,0.009049773755656076,0.9811320754716981,0.9758713136729222,0.9964112975049212
8,cantidad_arboles,n_estimators,50,1,0.05650466703809798,0.9994455225949542,0.9967679379444085,0.003232062055591456,0.0026775846505456835,0.9932885906040269,0.9919571045576407,0.997781467086243
9,cantidad_arboles,n_estimators,50,1,0.055703874910250306,0.9994455225949542,0.9948287007110537,0.005171299288946329,0.004616821883900557,0.9892183288409704,0.9839142091152815,0.9980121122990989
10,cantidad_arboles,n_estimators,50,1,0.04542404203675687,0.9994455225949542,0.995475113122172,0.004524886877828038,0.003970409472782266,0.99055330634278,0.9839142091152815,0.9996129270932765
11,cantidad_arboles,n_estimators,50,1,0.04435916687361896,0.9997227612974772,0.9915966386554622,0.008403361344537785,0.008126122642014955,0.9823609226594301,0.9705093833780161,0.9975668071851693
12,cantidad_arboles,n_estimators,50,1,0.04363345797173679,0.9997227612974772,0.9928894634776988,0.007110536522301203,0.006833297819778372,0.9850340136054422,0.9705093833780161,0.9975439710254805
13,cantidad_arboles,n_estimators,50,1,0.044084624852985144,0.9997227612974772,0.9909502262443439,0.009049773755656076,0.008772535053133246,0.981029810298103,0.9705093833780161,0.9961030093491238
14,cantidad_arboles,n_estimators,50,1,0.05489608319476247,0.9994455225949542,0.9941822882999354,0.005817711700064621,0.005263234295018848,0.9878213802435724,0.9785522788203753,0.9947728030472572
15,cantidad_arboles,n_estimators,50,1,0.04476833390071988,0.9994455225949542,0.9922430510665805,0.007756948933419494,0.007202471528373722,0.9837837837837838,0.9758713136729222,0.9994770519431289
16,cantidad_arboles,n_estimators,50,1,0.04443125007674098,0.9997227612974772,0.9922430510665805,0.007756948933419494,0.007479710230896663,0.9836956521739131,0.9705093833780161,0.9975519636813716
17,cantidad_arboles,n_estimators,50,1,0.04447724996134639,0.9997227612974772,0.9948287007110537,0.005171299288946329,0.004894060586423499,0.989247311827957,0.9865951742627346,0.9993491694488721
18,cantidad_arboles,n_estimators,50,1,0.04333687503822148,1.0,0.9870717517776342,0.012928248222365823,0.012928248222365823,0.9728997289972899,0.9624664879356568,0.9957193618663536
19,cantidad_arboles,n_estimators,50,1,0.05672950018197298,1.0,0.9896574014221073,0.010342598577892659,0.010342598577892659,0.978319783197832,0.967828418230563,0.9975245602897452
20,cantidad_arboles,n_estimators,50,1,0.044557124841958284,0.9997227612974772,0.9922430510665805,0.007756948933419494,0.007479710230896663,0.9837837837837838,0.9758713136729222,0.9960756059574973
21,cantidad_arboles,n_estimators,50,1,0.04268329101614654,1.0,0.9922430510665805,0.007756948933419494,0.007756948933419494,0.9836956521739131,0.9705093833780161,0.9931902571808304
22,cantidad_arboles,n_estimators,50,1,0.05617074994370341,0.9997227612974772,0.9909502262443439,0.009049773755656076,0.008772535053133246,0.981029810298103,0.9705093833780161,0.9959511488871939
23,cantidad_arboles,n_estimators,50,1,0.04474195884540677,0.9997227612974772,0.9928894634776988,0.007110536522301203,0.006833297819778372,0.9851551956815114,0.9785522788203753,0.9978830879968577
24,cantidad_arboles,n_estimators,50,1,0.05355841596610844,1.0,0.9915966386554622,0.008403361344537785,0.008403361344537785,0.9823129251700681,0.967828418230563,0.9943571849409227
25,cantidad_arboles,n_estimators,50,1,0.05664579197764397,1.0,0.9948287007110537,0.005171299288946329,0.005171299288946329,0.9892761394101877,0.9892761394101877,0.9996072180533544
26,cantidad_arboles,n_estimators,50,1,0.0534512500744313,0.9997227612974772,0.9974143503555268,0.0025856496444731647,0.002308410941950334,0.9946236559139785,0.9919571045576407,0.9980577846184763
27,cantidad_arboles,n_estimators,50,1,0.053718458162620664,0.9994455225949542,0.9928894634776988,0.007110536522301203,0.0065560591172554306,0.9851150202976996,0.9758713136729222,0.9994268123918137
28,cantidad_arboles,n_estimators,50,1,0.05635183397680521,0.9997227612974772,0.9941822882999354,0.005817711700064621,0.00554047299754179,0.9879518072289156,0.9892761394101877,0.9989415439984288
29,cantidad_arboles,n_estimators,50,1,0.053617917001247406,0.9997227612974772,0.9941822882999354,0.005817711700064621,0.00554047299754179,0.9878213802435724,0.9785522788203753,0.9961738014441588
0,cantidad_arboles,n_estimators,100,2,0.09761566715314984,0.9997227612974772,0.9948287007110537,0.005171299288946329,0.004894060586423499,0.9891891891891892,0.9812332439678284,0.9976661444798149
1,cantidad_arboles,n_estimators,100,2,0.0965396671090275,0.9994455225949542,0.9948287007110537,0.005171299288946329,0.004616821883900557,0.9892183288409704,0.9839142091152815,0.999501029910802
2,cantidad_arboles,n_estimators,100,2,0.08743704110383987,0.9997227612974772,0.9948287007110537,0.005171299288946329,0.004894060586423499,0.9892183288409704,0.9839142091152815,0.9996277705970742
3,cantidad_arboles,n_estimators,100,2,0.09548704186454415,0.9994455225949542,0.9909502262443439,0.009049773755656076,0.008495296350610304,0.981029810298103,0.9705093833780161,0.9973293111244068
4,cantidad_arboles,n_estimators,100,2,0.08542300015687943,1.0,0.9941822882999354,0.005817711700064621,0.005817711700064621,0.9878869448183042,0.9839142091152815,0.9976535845919863
5,cantidad_arboles,n_estimators,100,2,0.08883345895446837,1.0,0.9948287007110537,0.005171299288946329,0.005171299288946329,0.9891891891891892,0.9812332439678284,0.9960493443738553
6,cantidad_arboles,n_estimators,100,2,0.08819270809181035,1.0,0.9928894634776988,0.007110536522301203,0.007110536522301203,0.9851551956815114,0.9785522788203753,0.9980566428104918
7,cantidad_arboles,n_estimators,100,2,0.08474645903334022,1.0,0.9915966386554622,0.008403361344537785,0.008403361344537785,0.9824561403508771,0.9758713136729222,0.9962514443871004
8,cantidad_arboles,n_estimators,100,2,0.09778212499804795,0.9997227612974772,0.9967679379444085,0.003232062055591456,0.002954823353068625,0.9932885906040269,0.9919571045576407,0.9977015405273326
9,cantidad_arboles,n_estimators,100,2,0.0952007919549942,0.9994455225949542,0.9948287007110537,0.005171299288946329,0.004616821883900557,0.9891891891891892,0.9812332439678284,0.9979584473238303
10,cantidad_arboles,n_estimators,100,2,0.085283791879192,0.9994455225949542,0.995475113122172,0.004524886877828038,0.003970409472782266,0.990578734858681,0.9865951742627346,0.9995923745495567
11,cantidad_arboles,n_estimators,100,2,0.09525724989362061,0.9997227612974772,0.9915966386554622,0.008403361344537785,0.008126122642014955,0.9823609226594301,0.9705093833780161,0.9985099405803124
12,cantidad_arboles,n_estimators,100,2,0.10058216704055667,0.9994455225949542,0.9935358758888171,0.006464124111182912,0.005909646706137139,0.9864130434782609,0.9731903485254692,0.9977460710387256
13,cantidad_arboles,n_estimators,100,2,0.10306329187005758,0.9997227612974772,0.9909502262443439,0.009049773755656076,0.008772535053133246,0.981029810298103,0.9705093833780161,0.997361281747971
14,cantidad_arboles,n_estimators,100,2,0.09889291599392891,0.9997227612974772,0.9948287007110537,0.005171299288946329,0.004894060586423499,0.9891891891891892,0.9812332439678284,0.9944039990682847
15,cantidad_arboles,n_estimators,100,2,0.08666095812804997,0.9994455225949542,0.9935358758888171,0.006464124111182912,0.005909646706137139,0.9864864864864865,0.9785522788203753,0.9995661129659148
16,cantidad_arboles,n_estimators,100,2,0.086892917053774,0.9997227612974772,0.9928894634776988,0.007110536522301203,0.006833297819778372,0.9850746268656716,0.9731903485254692,0.9974777461623834
17,cantidad_arboles,n_estimators,100,2,0.09470374998636544,0.9997227612974772,0.9941822882999354,0.005817711700064621,0.00554047299754179,0.9879194630872483,0.9865951742627346,0.9993982671922028
18,cantidad_arboles,n_estimators,100,2,0.09556270902976394,1.0,0.9896574014221073,0.010342598577892659,0.010342598577892659,0.9782608695652174,0.9651474530831099,0.9958038556572018
19,cantidad_arboles,n_estimators,100,2,0.08612937503494322,1.0,0.9909502262443439,0.009049773755656076,0.009049773755656076,0.981029810298103,0.9705093833780161,0.997518851249823
20,cantidad_arboles,n_estimators,100,2,0.09474579198285937,1.0,0.9922430510665805,0.007756948933419494,0.007756948933419494,0.9837837837837838,0.9758713136729222,0.995914611031692
21,cantidad_arboles,n_estimators,100,2,0.09562491695396602,1.0,0.9928894634776988,0.007110536522301203,0.007110536522301203,0.9850746268656716,0.9731903485254692,0.9939358577946665
22,cantidad_arboles,n_estimators,100,2,0.08504883316345513,0.9997227612974772,0.9896574014221073,0.010342598577892659,0.010065359875369828,0.9782608695652174,0.9651474530831099,0.9970016122328741
23,cantidad_arboles,n_estimators,100,2,0.09452912490814924,0.9997227612974772,0.9935358758888171,0.006464124111182912,0.006186885408660081,0.9865229110512129,0.9812332439678284,0.9978671026850756
24,cantidad_arboles,n_estimators,100,2,0.08803725009784102,1.0,0.9928894634776988,0.007110536522301203,0.007110536522301203,0.9850746268656716,0.9731903485254692,0.995195272001498
25,cantidad_arboles,n_estimators,100,2,0.09673333284445107,1.0,0.9948287007110537,0.005171299288946329,0.005171299288946329,0.9892761394101877,0.9892761394101877,0.9996985626921092
26,cantidad_arboles,n_estimators,100,2,0.08660970791243017,0.9997227612974772,0.9974143503555268,0.0025856496444731647,0.002308410941950334,0.9946236559139785,0.9919571045576407,0.9980235303789431
27,cantidad_arboles,n_estimators,100,2,0.09968833322636783,0.9994455225949542,0.9941822882999354,0.005817711700064621,0.005263234295018848,0.9878542510121457,0.9812332439678284,0.9994656338632845
28,cantidad_arboles,n_estimators,100,2,0.08779666689224541,0.9997227612974772,0.9941822882999354,0.005817711700064621,0.00554047299754179,0.9879518072289156,0.9892761394101877,0.9991002553082653
29,cantidad_arboles,n_estimators,100,2,0.09806466684676707,0.9997227612974772,0.9948287007110537,0.005171299288946329,0.004894060586423499,0.9891891891891892,0.9812332439678284,0.9960162319423067
0,cantidad_arboles,n_estimators,300,3,0.2651595831848681,0.9997227612974772,0.9948287007110537,0.005171299288946329,0.004894060586423499,0.989159891598916,0.9785522788203753,0.9977038241433015
1,cantidad_arboles,n_estimators,300,3,0.25873525021597743,0.9994455225949542,0.9948287007110537,0.005171299288946329,0.004616821883900557,0.9892183288409704,0.9839142091152815,0.9994473649355334
2,cantidad_arboles,n_estimators,300,3,0.252575458958745,0.9997227612974772,0.9948287007110537,0.005171299288946329,0.004894060586423499,0.9892183288409704,0.9839142091152815,0.9996209197491677
3,cantidad_arboles,n_estimators,300,3,0.26430449984036386,0.9994455225949542,0.9909502262443439,0.009049773755656076,0.008495296350610304,0.981081081081081,0.9731903485254692,0.9974343574589749
4,cantidad_arboles,n_estimators,300,3,0.27516854205168784,1.0,0.9928894634776988,0.007110536522301203,0.007110536522301203,0.9851551956815114,0.9785522788203753,0.9974138049152549
5,cantidad_arboles,n_estimators,300,3,0.2547266250476241,1.0,0.9948287007110537,0.005171299288946329,0.005171299288946329,0.9891891891891892,0.9812332439678284,0.9958301172408439
6,cantidad_arboles,n_estimators,300,3,0.2606106249149889,1.0,0.9948287007110537,0.005171299288946329,0.005171299288946329,0.989247311827957,0.9865951742627346,0.9989883581257908
7,cantidad_arboles,n_estimators,300,3,0.25253450009040534,1.0,0.9922430510665805,0.007756948933419494,0.007756948933419494,0.9838274932614556,0.9785522788203753,0.9968782969705551
8,cantidad_arboles,n_estimators,300,3,0.25847183307632804,0.9997227612974772,0.9967679379444085,0.003232062055591456,0.002954823353068625,0.9932885906040269,0.9919571045576407,0.997728943918959
9,cantidad_arboles,n_estimators,300,3,0.2578100000973791,0.9994455225949542,0.9948287007110537,0.005171299288946329,0.004616821883900557,0.9891891891891892,0.9812332439678284,0.9977335111508969
10,cantidad_arboles,n_estimators,300,3,0.39882824989035726,0.9994455225949542,0.995475113122172,0.004524886877828038,0.003970409472782266,0.990578734858681,0.9865951742627346,0.9995604039259925
11,cantidad_arboles,n_estimators,300,3,0.26032908307388425,0.9997227612974772,0.9922430510665805,0.007756948933419494,0.007479710230896663,0.983739837398374,0.9731903485254692,0.9982952806792387
12,cantidad_arboles,n_estimators,300,3,0.2655382079537958,0.9997227612974772,0.9948287007110537,0.005171299288946329,0.004894060586423499,0.989159891598916,0.9785522788203753,0.9976273230083443
13,cantidad_arboles,n_estimators,300,3,0.2595270830206573,0.9997227612974772,0.9928894634776988,0.007110536522301203,0.006833297819778372,0.9851551956815114,0.9785522788203753,0.9972608026453407
14,cantidad_arboles,n_estimators,300,3,0.27352808392606676,0.9997227612974772,0.9941822882999354,0.005817711700064621,0.00554047299754179,0.9878213802435724,0.9785522788203753,0.9961943539878786
15,cantidad_arboles,n_estimators,300,3,0.26222908310592175,0.9994455225949542,0.9941822882999354,0.005817711700064621,0.005263234295018848,0.9878542510121457,0.9812332439678284,0.9995604039259927
16,cantidad_arboles,n_estimators,300,3,0.26530995895154774,0.9997227612974772,0.9928894634776988,0.007110536522301203,0.006833297819778372,0.9850746268656716,0.9731903485254692,0.9973430128202201
17,cantidad_arboles,n_estimators,300,3,0.2698377089109272,0.9997227612974772,0.9941822882999354,0.005817711700064621,0.00554047299754179,0.9879194630872483,0.9865951742627346,0.9993366095610433
18,cantidad_arboles,n_estimators,300,3,0.25272874999791384,1.0,0.9903038138332256,0.009696186166774368,0.009696186166774368,0.9796472184531886,0.967828418230563,0.9953220126877702
19,cantidad_arboles,n_estimators,300,3,0.2642381249461323,1.0,0.9909502262443439,0.009049773755656076,0.009049773755656076,0.981029810298103,0.9705093833780161,0.9973989614114571
20,cantidad_arboles,n_estimators,300,3,0.2609050839673728,1.0,0.9922430510665805,0.007756948933419494,0.007756948933419494,0.9837837837837838,0.9758713136729222,0.995641718923412
21,cantidad_arboles,n_estimators,300,3,0.3153077499009669,1.0,0.9928894634776988,0.007110536522301203,0.007110536522301203,0.9850746268656716,0.9731903485254692,0.993801124452503
22,cantidad_arboles,n_estimators,300,3,0.26729695801623166,0.9997227612974772,0.9903038138332256,0.009696186166774368,0.009418947464251537,0.9795918367346939,0.9651474530831099,0.9967972286036602
23,cantidad_arboles,n_estimators,300,3,0.26319937501102686,0.9997227612974772,0.9928894634776988,0.007110536522301203,0.006833297819778372,0.9851551956815114,0.9785522788203753,0.9977574891185699
24,cantidad_arboles,n_estimators,300,3,0.26832741615362465,1.0,0.9928894634776988,0.007110536522301203,0.007110536522301203,0.9850746268656716,0.9731903485254692,0.9952169663532023
25,cantidad_arboles,n_estimators,300,3,0.2754366670269519,1.0,0.9948287007110537,0.005171299288946329,0.005171299288946329,0.9892761394101877,0.9892761394101877,0.9997019881160625
26,cantidad_arboles,n_estimators,300,3,0.26815841696225107,0.9997227612974772,0.9974143503555268,0.0025856496444731647,0.002308410941950334,0.9946236559139785,0.9919571045576407,0.9978385574854647
27,cantidad_arboles,n_estimators,300,3,0.269419833086431,0.9994455225949542,0.9941822882999354,0.005817711700064621,0.005263234295018848,0.9878542510121457,0.9812332439678284,0.9995067389507242
28,cantidad_arboles,n_estimators,300,3,0.2627834999002516,0.9997227612974772,0.9935358758888171,0.006464124111182912,0.006186885408660081,0.9865951742627346,0.9865951742627346,0.9993023553215102
29,cantidad_arboles,n_estimators,300,3,0.25399483391083777,0.9997227612974772,0.9948287007110537,0.005171299288946329,0.004894060586423499,0.9891891891891892,0.9812332439678284,0.9956303008435679
0,cantidad_arboles,n_estimators,500,4,0.42018549982458353,0.9997227612974772,0.9935358758888171,0.006464124111182912,0.006186885408660081,0.986449864498645,0.9758713136729222,0.9976113376965621
1,cantidad_arboles,n_estimators,500,4,0.4202172919176519,0.9994455225949542,0.9948287007110537,0.005171299288946329,0.004616821883900557,0.9892183288409704,0.9839142091152815,0.999482760983051
2,cantidad_arboles,n_estimators,500,4,0.43230245914310217,0.9997227612974772,0.9948287007110537,0.005171299288946329,0.004894060586423499,0.9892183288409704,0.9839142091152815,0.9996471813328097
3,cantidad_arboles,n_estimators,500,4,0.41728425002656877,0.9994455225949542,0.9915966386554622,0.008403361344537785,0.007848883939492013,0.9824561403508771,0.9758713136729222,0.9981993688085462
4,cantidad_arboles,n_estimators,500,4,0.40661087492480874,1.0,0.9922430510665805,0.007756948933419494,0.007756948933419494,0.9837837837837838,0.9758713136729222,0.9973567145160332
5,cantidad_arboles,n_estimators,500,4,0.411476916866377,1.0,0.9948287007110537,0.005171299288946329,0.005171299288946329,0.9891891891891892,0.9812332439678284,0.9956793985868984
6,cantidad_arboles,n_estimators,500,4,0.44557562517002225,1.0,0.9948287007110537,0.005171299288946329,0.005171299288946329,0.989247311827957,0.9865951742627346,0.9990739937246234
7,cantidad_arboles,n_estimators,500,4,0.4088897919282317,1.0,0.9922430510665805,0.007756948933419494,0.007756948933419494,0.9838274932614556,0.9785522788203753,0.9968657370827263
8,cantidad_arboles,n_estimators,500,4,0.41920137498527765,0.9997227612974772,0.9967679379444085,0.003232062055591456,0.002954823353068625,0.9932885906040269,0.9919571045576407,0.9976250393923756
9,cantidad_arboles,n_estimators,500,4,0.4161203328985721,0.9994455225949542,0.9948287007110537,0.005171299288946329,0.004616821883900557,0.9891891891891892,0.9812332439678284,0.9985407693958922
10,cantidad_arboles,n_estimators,500,4,0.42463941709138453,0.9994455225949542,0.995475113122172,0.004524886877828038,0.003970409472782266,0.990578734858681,0.9865951742627346,0.9995078807587086
11,cantidad_arboles,n_estimators,500,4,0.4077430001925677,0.9997227612974772,0.9922430510665805,0.007756948933419494,0.007479710230896663,0.983739837398374,0.9731903485254692,0.9981742490328885
12,cantidad_arboles,n_estimators,500,4,0.4167210420127958,0.9997227612974772,0.9948287007110537,0.005171299288946329,0.004894060586423499,0.989159891598916,0.9785522788203753,0.9975051495540098
13,cantidad_arboles,n_estimators,500,4,0.43040266702882946,0.9997227612974772,0.9928894634776988,0.007110536522301203,0.006833297819778372,0.9851551956815114,0.9785522788203753,0.9971306365351151
14,cantidad_arboles,n_estimators,500,4,0.42116183298639953,0.9997227612974772,0.9941822882999354,0.005817711700064621,0.00554047299754179,0.9878213802435724,0.9785522788203753,0.9960185155582755
15,cantidad_arboles,n_estimators,500,4,0.4196179579012096,0.9994455225949542,0.9935358758888171,0.006464124111182912,0.005909646706137139,0.9864864864864865,0.9785522788203753,0.9995843818936657
16,cantidad_arboles,n_estimators,500,4,0.4188931668177247,0.9997227612974772,0.9928894634776988,0.007110536522301203,0.006833297819778372,0.9850746268656716,0.9731903485254692,0.9972699371092162
17,cantidad_arboles,n_estimators,500,4,0.4229963328689337,0.9997227612974772,0.995475113122172,0.004524886877828038,0.0042476481753052076,0.9906040268456375,0.9892761394101877,0.9992897954336815
18,cantidad_arboles,n_estimators,500,4,0.40298354206606746,1.0,0.9896574014221073,0.010342598577892659,0.010342598577892659,0.9782608695652174,0.9651474530831099,0.9951187708665409
19,cantidad_arboles,n_estimators,500,4,0.4208229591604322,1.0,0.9909502262443439,0.009049773755656076,0.009049773755656076,0.981029810298103,0.9705093833780161,0.9973510054761111
20,cantidad_arboles,n_estimators,500,4,0.4138925839215517,1.0,0.9909502262443439,0.009049773755656076,0.009049773755656076,0.981029810298103,0.9705093833780161,0.9962754223547734
21,cantidad_arboles,n_estimators,500,4,0.41392125003039837,1.0,0.9922430510665805,0.007756948933419494,0.007756948933419494,0.9836956521739131,0.9705093833780161,0.9946905928723778
22,cantidad_arboles,n_estimators,500,4,0.4066637910436839,0.9997227612974772,0.9903038138332256,0.009696186166774368,0.009418947464251537,0.9795918367346939,0.9651474530831099,0.9964969331037539
23,cantidad_arboles,n_estimators,500,4,0.4187187908682972,0.9997227612974772,0.9922430510665805,0.007756948933419494,0.007479710230896663,0.9838274932614556,0.9785522788203753,0.9985510456677521
24,cantidad_arboles,n_estimators,500,4,0.4414641249459237,1.0,0.9928894634776988,0.007110536522301203,0.007110536522301203,0.9850746268656716,0.9731903485254692,0.995082233011039
25,cantidad_arboles,n_estimators,500,4,0.42021479178220034,1.0,0.9948287007110537,0.005171299288946329,0.005171299288946329,0.9892761394101877,0.9892761394101877,0.9996997045000936
26,cantidad_arboles,n_estimators,500,4,0.42206420795992017,0.9997227612974772,0.9974143503555268,0.0025856496444731647,0.002308410941950334,0.9946236559139785,0.9919571045576407,0.9977494964626787
27,cantidad_arboles,n_estimators,500,4,0.4211510408204049,0.9994455225949542,0.9941822882999354,0.005817711700064621,0.005263234295018848,0.9878542510121457,0.9812332439678284,0.9995067389507243
28,cantidad_arboles,n_estimators,500,4,0.42156675015576184,0.9997227612974772,0.9948287007110537,0.005171299288946329,0.004894060586423499,0.9892761394101877,0.9892761394101877,0.9992681010819773
29,cantidad_arboles,n_estimators,500,4,0.41582841612398624,0.9997227612974772,0.9948287007110537,0.005171299288946329,0.004894060586423499,0.9891891891891892,0.9812332439678284,0.9954898584614822
0,profundidad_maxima,max_depth,2,0,0.0709373748395592,0.9747712780704186,0.9767291531997414,0.023270846800258593,-0.0019578751293227725,0.9497206703910615,0.9115281501340483,0.9954282008303228
1,profundidad_maxima,max_depth,2,0,0.07107912516221404,0.9822567230385362,0.9806076276664512,0.019392372333548846,0.0016490953720850188,0.9584487534626038,0.9276139410187667,0.9937006453498727
2,profundidad_maxima,max_depth,2,0,0.07404595892876387,0.9742168006653729,0.9786683904330963,0.02133160956690372,-0.004451589767723418,0.9539748953974896,0.9168900804289544,0.997718667647099
3,profundidad_maxima,max_depth,2,0,0.07228887500241399,0.9764347102855558,0.9715578539107951,0.028442146089204923,0.004876856374760763,0.9382022471910112,0.8954423592493298,0.9948241844065568
4,profundidad_maxima,max_depth,2,0,0.07313820905983448,0.9747712780704186,0.9702650290885585,0.029734970911441505,0.004506248981860139,0.9352112676056338,0.8900804289544236,0.9904830304497353
5,profundidad_maxima,max_depth,2,0,0.07249762513674796,0.9786526199057388,0.978021978021978,0.02197802197802201,0.0006306418837608296,0.953168044077135,0.9276139410187667,0.9906451671835251
6,profundidad_maxima,max_depth,2,0,0.06934783305041492,0.9772664263931244,0.9806076276664512,0.019392372333548846,-0.0033412012733267105,0.9584487534626038,0.9276139410187667,0.9966476517576992
7,profundidad_maxima,max_depth,2,0,0.07267929194495082,0.9797615747158304,0.9812540400775694,0.018745959922430555,-0.0014924653617390815,0.9597780859916782,0.9276139410187667,0.9904088129307469
8,profundidad_maxima,max_depth,2,0,0.07360391691327095,0.976157471583033,0.9819004524886877,0.018099547511312264,-0.0057429809056547265,0.9613259668508287,0.9329758713136729,0.9943411996291408
9,profundidad_maxima,max_depth,2,0,0.07391616702079773,0.9758802328805101,0.9799612152553329,0.020038784744667137,-0.004080982374822795,0.9572413793103448,0.9302949061662198,0.9932564820439276
10,profundidad_maxima,max_depth,2,0,0.07365808309987187,0.9789298586082618,0.9773755656108597,0.022624434389140302,0.0015542929974020625,0.9513212795549374,0.9168900804289544,0.9971180766472864
11,profundidad_maxima,max_depth,2,0,0.07441495801322162,0.9772664263931244,0.9754363283775048,0.024563671622495176,0.001830098015619619,0.9466292134831461,0.903485254691689,0.9926056514927997
12,profundidad_maxima,max_depth,2,0,0.07196816708892584,0.9769891876906016,0.9786683904330963,0.02133160956690372,-0.0016792027424946676,0.9538461538461539,0.9142091152815014,0.9924994633502473
13,profundidad_maxima,max_depth,2,0,0.07468525017611682,0.978098142500693,0.9741435035552682,0.025856496444731758,0.003954638945424804,0.9436619718309859,0.8981233243967829,0.9952192499691712
14,profundidad_maxima,max_depth,2,0,0.07386829098686576,0.9775436650956474,0.9747899159663865,0.025210084033613467,0.002753749129260852,0.9462068965517242,0.9195710455764075,0.9896243908454402
15,profundidad_maxima,max_depth,2,0,0.07309775007888675,0.9758802328805101,0.9722042663219134,0.02779573367808663,0.0036759665585966994,0.9401947148817803,0.9061662198391421,0.9967595489401738
16,profundidad_maxima,max_depth,2,0,0.0725519999396056,0.9822567230385362,0.9767291531997414,0.023270846800258593,0.005527569838794766,0.9498607242339833,0.9142091152815014,0.9925063141981539
17,profundidad_maxima,max_depth,2,0,0.07138637499883771,0.9758802328805101,0.9793148028442146,0.02068519715578543,-0.0034345699637045035,0.9556786703601108,0.9249329758713136,0.9974400664988969
18,profundidad_maxima,max_depth,2,0,0.07308033294975758,0.9767119489880788,0.9618616677440207,0.03813833225597929,0.014850281244058072,0.9158345221112696,0.8605898123324397,0.9882507958401651
19,profundidad_maxima,max_depth,2,0,0.0711649579461664,0.980593290823399,0.9799612152553329,0.020038784744667137,0.0006320755680661039,0.957004160887656,0.9249329758713136,0.9938330950760672
20,profundidad_maxima,max_depth,2,0,0.07385258399881423,0.9817022456334904,0.9786683904330963,0.02133160956690372,0.00303385520039412,0.9543568464730291,0.9249329758713136,0.9902580942768017
21,profundidad_maxima,max_depth,2,0,0.07383150001987815,0.971721652342667,0.9702650290885585,0.029734970911441505,0.0014566232541085578,0.9350282485875706,0.8873994638069705,0.9904761796018287
22,profundidad_maxima,max_depth,2,0,0.0741044171154499,0.9778209037981702,0.9689722042663219,0.031027795733678087,0.008848699531848303,0.9318181818181818,0.8793565683646113,0.9895102100469968
23,profundidad_maxima,max_depth,2,0,0.07507041608914733,0.9797615747158304,0.9773755656108597,0.022624434389140302,0.0023860091049706655,0.9513212795549374,0.9168900804289544,0.99429210188581
24,profundidad_maxima,max_depth,2,0,0.07418854208663106,0.9789298586082618,0.9722042663219134,0.02779573367808663,0.006725592286348392,0.9396914446002805,0.8981233243967829,0.9893971710565377
25,profundidad_maxima,max_depth,2,0,0.07492349995300174,0.9753257554754644,0.9773755656108597,0.022624434389140302,-0.0020498101353952913,0.9514563106796117,0.9195710455764075,0.9977163840311303
26,profundidad_maxima,max_depth,2,0,0.07410654192790389,0.9733850845578043,0.982546864899806,0.017453135100193973,-0.009161780342001768,0.9628610729023384,0.938337801608579,0.9960185155582757
27,profundidad_maxima,max_depth,2,0,0.07462224992923439,0.978375381203216,0.9715578539107951,0.028442146089204923,0.006817527292420911,0.938375350140056,0.8981233243967829,0.9940386205132654
28,profundidad_maxima,max_depth,2,0,0.07199758314527571,0.9756029941779872,0.9696186166774402,0.030381383322559796,0.0059843775005470334,0.9338959212376934,0.8900804289544236,0.9943035199656545
29,profundidad_maxima,max_depth,2,0,0.07309341710060835,0.978098142500693,0.9767291531997414,0.023270846800258593,0.0013689893009516396,0.9504132231404959,0.9249329758713136,0.9899429552730978
0,profundidad_maxima,max_depth,5,1,0.08522925013676286,0.9944552259495426,0.9928894634776988,0.007110536522301203,0.0015657624718438123,0.9851150202976996,0.9758713136729222,0.9972254065978233
1,profundidad_maxima,max_depth,5,1,0.08455208409577608,0.9939007485444968,0.9922430510665805,0.007756948933419494,0.0016576974779163312,0.983739837398374,0.9731903485254692,0.998947253038351
2,profundidad_maxima,max_depth,5,1,0.08622587518766522,0.9933462711394511,0.9928894634776988,0.007110536522301203,0.0004568076617522676,0.9850746268656716,0.9731903485254692,0.9993126315933702
3,profundidad_maxima,max_depth,5,1,0.08713624998927116,0.9950097033545883,0.9896574014221073,0.010342598577892659,0.0053523019324809296,0.9782016348773842,0.9624664879356568,0.9974377828829282
4,profundidad_maxima,max_depth,5,1,0.07510529109276831,0.995564180759634,0.9877181641887525,0.012281835811247532,0.007846016570881575,0.9741496598639455,0.9597855227882037,0.9965083511835982
5,profundidad_maxima,max_depth,5,1,0.08573079109191895,0.9941779872470197,0.9922430510665805,0.007756948933419494,0.0019349361804391618,0.983739837398374,0.9731903485254692,0.9952763403683929
6,profundidad_maxima,max_depth,5,1,0.0834348329808563,0.9941779872470197,0.9909502262443439,0.009049773755656076,0.003227761002675744,0.9809782608695652,0.967828418230563,0.9983672145822581
7,profundidad_maxima,max_depth,5,1,0.07228937512263656,0.9944552259495426,0.9909502262443439,0.009049773755656076,0.003504999705198686,0.981029810298103,0.9705093833780161,0.9949143872373271
8,profundidad_maxima,max_depth,5,1,0.08512491593137383,0.9936235098419739,0.9948287007110537,0.005171299288946329,-0.0012051908690797752,0.9892183288409704,0.9839142091152815,0.9973852597156442
9,profundidad_maxima,max_depth,5,1,0.07354900008067489,0.9947324646520654,0.9941822882999354,0.005817711700064621,0.0005501763521300607,0.9878213802435724,0.9785522788203753,0.9979847089074725
10,profundidad_maxima,max_depth,5,1,0.07343445811420679,0.9933462711394511,0.9941822882999354,0.005817711700064621,-0.0008360171604843147,0.9878542510121457,0.9812332439678284,0.9993468858329033
11,profundidad_maxima,max_depth,5,1,0.08209737506695092,0.9958414194621569,0.989010989010989,0.01098901098901095,0.006830430451167824,0.9767441860465116,0.9571045576407506,0.9970906732556599
12,profundidad_maxima,max_depth,5,1,0.0862539999652654,0.9950097033545883,0.9909502262443439,0.009049773755656076,0.004059477110244347,0.9808743169398907,0.9624664879356568,0.996633950061886
13,profundidad_maxima,max_depth,5,1,0.08363387500867248,0.9939007485444968,0.9922430510665805,0.007756948933419494,0.0016576974779163312,0.983739837398374,0.9731903485254692,0.9972459591415431
14,profundidad_maxima,max_depth,5,1,0.08531800005584955,0.9941779872470197,0.9922430510665805,0.007756948933419494,0.0019349361804391618,0.9836956521739131,0.9705093833780161,0.99271640686729
15,profundidad_maxima,max_depth,5,1,0.07421966688707471,0.9941779872470197,0.9915966386554622,0.008403361344537785,0.002581348591557453,0.9824086603518268,0.9731903485254692,0.9992235705705843
16,profundidad_maxima,max_depth,5,1,0.08490929193794727,0.9941779872470197,0.9909502262443439,0.009049773755656076,0.003227761002675744,0.9809264305177112,0.9651474530831099,0.9961463980525324
17,profundidad_maxima,max_depth,5,1,0.08229662501253188,0.9939007485444968,0.9941822882999354,0.005817711700064621,-0.00028153975543854237,0.9878869448183042,0.9839142091152815,0.9990751355326077
18,profundidad_maxima,max_depth,5,1,0.07622262509539723,0.995564180759634,0.9838396897220426,0.01616031027795739,0.011724491037591434,0.9656121045392022,0.9410187667560321,0.9948253262145412
19,profundidad_maxima,max_depth,5,1,0.0847714589908719,0.9947324646520654,0.9903038138332256,0.009696186166774368,0.004428650818839808,0.9795361527967258,0.9624664879356568,0.9965894195504931
20,profundidad_maxima,max_depth,5,1,0.07310450007207692,0.9950097033545883,0.9915966386554622,0.008403361344537785,0.003413064699126056,0.9823609226594301,0.9705093833780161,0.9957810194975131
21,profundidad_maxima,max_depth,5,1,0.08442904194816947,0.9952869420571112,0.9928894634776988,0.007110536522301203,0.0023974785794124154,0.9850746268656716,0.9731903485254692,0.9941402414238802
22,profundidad_maxima,max_depth,5,1,0.08611641707830131,0.9952869420571112,0.9857789269553976,0.014221073044602406,0.009508015101713618,0.9700272479564033,0.9544235924932976,0.994906394581436
23,profundidad_maxima,max_depth,5,1,0.08525470807217062,0.9936235098419739,0.9896574014221073,0.010342598577892659,0.003966108419866554,0.978319783197832,0.967828418230563,0.9969742088412477
24,profundidad_maxima,max_depth,5,1,0.08595591713674366,0.9941779872470197,0.9883645765998708,0.011635423400129241,0.005813410647148909,0.9754768392370572,0.9597855227882037,0.993837662308005
25,profundidad_maxima,max_depth,5,1,0.08516779192723334,0.9941779872470197,0.9941822882999354,0.005817711700064621,-4.3010529157117006e-06,0.9878869448183042,0.9839142091152815,0.9994359468556892
26,profundidad_maxima,max_depth,5,1,0.07504466595128179,0.9936235098419739,0.9967679379444085,0.003232062055591456,-0.0031444281024346488,0.9932705248990579,0.9892761394101877,0.9976216139684222
27,profundidad_maxima,max_depth,5,1,0.07489745900966227,0.9950097033545883,0.9909502262443439,0.009049773755656076,0.004059477110244347,0.9809264305177112,0.9651474530831099,0.9989746564299775
28,profundidad_maxima,max_depth,5,1,0.08505791611969471,0.9941779872470197,0.9928894634776988,0.007110536522301203,0.0012885237693208706,0.9851551956815114,0.9785522788203753,0.9988627592475028
29,profundidad_maxima,max_depth,5,1,0.08489045896567404,0.9941779872470197,0.9935358758888171,0.006464124111182912,0.0006421113582025795,0.986449864498645,0.9758713136729222,0.9948527296061678
0,profundidad_maxima,max_depth,10,2,0.09937620791606605,0.9994455225949542,0.9948287007110537,0.005171299288946329,0.004616821883900557,0.9892183288409704,0.9839142091152815,0.9969901941530297
1,profundidad_maxima,max_depth,10,2,0.09673816687427461,0.9994455225949542,0.9948287007110537,0.005171299288946329,0.004616821883900557,0.9892183288409704,0.9839142091152815,0.9995295751104127
2,profundidad_maxima,max_depth,10,2,0.09460991690866649,0.9988910451899086,0.995475113122172,0.004524886877828038,0.0034159320677366045,0.99055330634278,0.9839142091152815,0.999403976232125
3,profundidad_maxima,max_depth,10,2,0.08461949997581542,0.9988910451899086,0.9915966386554622,0.008403361344537785,0.0072944065344463516,0.9824086603518268,0.9731903485254692,0.9980132541070833
4,profundidad_maxima,max_depth,10,2,0.084092834033072,0.9994455225949542,0.9948287007110537,0.005171299288946329,0.004616821883900557,0.9892183288409704,0.9839142091152815,0.9969730670332633
5,profundidad_maxima,max_depth,10,2,0.08357312483713031,0.9997227612974772,0.9941822882999354,0.005817711700064621,0.00554047299754179,0.9878542510121457,0.9812332439678284,0.9950890838589456
6,profundidad_maxima,max_depth,10,2,0.09605041705071926,0.9988910451899086,0.995475113122172,0.004524886877828038,0.0034159320677366045,0.99055330634278,0.9839142091152815,0.9988718937113784
7,profundidad_maxima,max_depth,10,2,0.083673250162974,0.9994455225949542,0.9935358758888171,0.006464124111182912,0.005909646706137139,0.9865229110512129,0.9812332439678284,0.99735328909208
8,profundidad_maxima,max_depth,10,2,0.08654362498782575,0.9991682838924314,0.9967679379444085,0.003232062055591456,0.002400345948022853,0.9932885906040269,0.9919571045576407,0.9972870642289827
9,profundidad_maxima,max_depth,10,2,0.08705391688272357,0.9991682838924314,0.9948287007110537,0.005171299288946329,0.004339583181377726,0.9891891891891892,0.9812332439678284,0.9986732191220867
10,profundidad_maxima,max_depth,10,2,0.09736016602255404,0.9986138064873856,0.995475113122172,0.004524886877828038,0.003138693365213663,0.990578734858681,0.9865951742627346,0.9993720056085608
11,profundidad_maxima,max_depth,10,2,0.08642904204316437,0.9991682838924314,0.9915966386554622,0.008403361344537785,0.007571645236969182,0.9823129251700681,0.967828418230563,0.9983283931107874
12,profundidad_maxima,max_depth,10,2,0.08619116712361574,0.9991682838924314,0.9935358758888171,0.006464124111182912,0.005632408003614309,0.9864130434782609,0.9731903485254692,0.9967652579800961
13,profundidad_maxima,max_depth,10,2,0.09664554079063237,0.9991682838924314,0.9909502262443439,0.009049773755656076,0.008218057648087473,0.981029810298103,0.9705093833780161,0.9960698969175751
14,profundidad_maxima,max_depth,10,2,0.08661400014534593,0.9991682838924314,0.9948287007110537,0.005171299288946329,0.004339583181377726,0.9891891891891892,0.9812332439678284,0.995347132463428
15,profundidad_maxima,max_depth,10,2,0.09553866693750024,0.9988910451899086,0.9941822882999354,0.005817711700064621,0.004708756889973187,0.9878869448183042,0.9839142091152815,0.9994998881028175
16,profundidad_maxima,max_depth,10,2,0.08581016701646149,0.9997227612974772,0.9928894634776988,0.007110536522301203,0.006833297819778372,0.9850746268656716,0.9731903485254692,0.9976296066243131
17,profundidad_maxima,max_depth,10,2,0.08529275003820658,0.9988910451899086,0.995475113122172,0.004524886877828038,0.0034159320677366045,0.990578734858681,0.9865951742627346,0.9994199615439071
18,profundidad_maxima,max_depth,10,2,0.08329816698096693,1.0,0.9896574014221073,0.010342598577892659,0.010342598577892659,0.9782608695652174,0.9651474530831099,0.9962434517312093
19,profundidad_maxima,max_depth,10,2,0.09688245900906622,0.9994455225949542,0.9903038138332256,0.009696186166774368,0.009141708761728595,0.9796472184531886,0.967828418230563,0.9979550218998772
20,profundidad_maxima,max_depth,10,2,0.08681154111400247,1.0,0.9922430510665805,0.007756948933419494,0.007756948933419494,0.9837837837837838,0.9758713136729222,0.9959911121666492
21,profundidad_maxima,max_depth,10,2,0.0844445840921253,1.0,0.9928894634776988,0.007110536522301203,0.007110536522301203,0.9850746268656716,0.9731903485254692,0.9939803883060594
22,profundidad_maxima,max_depth,10,2,0.09598541702143848,0.9997227612974772,0.9896574014221073,0.010342598577892659,0.010065359875369828,0.9782608695652174,0.9651474530831099,0.9969833433051231
23,profundidad_maxima,max_depth,10,2,0.09800133318640292,0.9991682838924314,0.9948287007110537,0.005171299288946329,0.004339583181377726,0.9891891891891892,0.9812332439678284,0.998175390840873
24,profundidad_maxima,max_depth,10,2,0.09583374997600913,1.0,0.9922430510665805,0.007756948933419494,0.007756948933419494,0.983739837398374,0.9731903485254692,0.9944393951158021
25,profundidad_maxima,max_depth,10,2,0.10025862511247396,0.9988910451899086,0.9948287007110537,0.005171299288946329,0.004062344478854896,0.989247311827957,0.9865951742627346,0.9997351005476112
26,profundidad_maxima,max_depth,10,2,0.09842795808799565,0.9988910451899086,0.9974143503555268,0.0025856496444731647,0.001476694834381731,0.9946236559139785,0.9919571045576407,0.998430014021402
27,profundidad_maxima,max_depth,10,2,0.0976383329834789,0.9991682838924314,0.9941822882999354,0.005817711700064621,0.0049859955924960175,0.9878542510121457,0.9812332439678284,0.9993217660572457
28,profundidad_maxima,max_depth,10,2,0.0906847498845309,0.9994455225949542,0.9928894634776988,0.007110536522301203,0.0065560591172554306,0.9852348993288591,0.9839142091152815,0.9993103479774013
29,profundidad_maxima,max_depth,10,2,0.08769758301787078,0.9994455225949542,0.9948287007110537,0.005171299288946329,0.004616821883900557,0.9891891891891892,0.9812332439678284,0.9968680206986952
0,profundidad_maxima,max_depth,None,3,0.09727658401243389,0.9997227612974772,0.9948287007110537,0.005171299288946329,0.004894060586423499,0.9891891891891892,0.9812332439678284,0.9976661444798149
1,profundidad_maxima,max_depth,None,3,0.09991112514398992,0.9994455225949542,0.9948287007110537,0.005171299288946329,0.004616821883900557,0.9892183288409704,0.9839142091152815,0.999501029910802
2,profundidad_maxima,max_depth,None,3,0.0862183328717947,0.9997227612974772,0.9948287007110537,0.005171299288946329,0.004894060586423499,0.9892183288409704,0.9839142091152815,0.9996277705970742
3,profundidad_maxima,max_depth,None,3,0.08397520892322063,0.9994455225949542,0.9909502262443439,0.009049773755656076,0.008495296350610304,0.981029810298103,0.9705093833780161,0.9973293111244068
4,profundidad_maxima,max_depth,None,3,0.09673670795746148,1.0,0.9941822882999354,0.005817711700064621,0.005817711700064621,0.9878869448183042,0.9839142091152815,0.9976535845919863
5,profundidad_maxima,max_depth,None,3,0.08436408382840455,1.0,0.9948287007110537,0.005171299288946329,0.005171299288946329,0.9891891891891892,0.9812332439678284,0.9960493443738553
6,profundidad_maxima,max_depth,None,3,0.09746462502516806,1.0,0.9928894634776988,0.007110536522301203,0.007110536522301203,0.9851551956815114,0.9785522788203753,0.9980566428104918
7,profundidad_maxima,max_depth,None,3,0.09539179201237857,1.0,0.9915966386554622,0.008403361344537785,0.008403361344537785,0.9824561403508771,0.9758713136729222,0.9962514443871004
8,profundidad_maxima,max_depth,None,3,0.09681658400222659,0.9997227612974772,0.9967679379444085,0.003232062055591456,0.002954823353068625,0.9932885906040269,0.9919571045576407,0.9977015405273326
9,profundidad_maxima,max_depth,None,3,0.09726404189132154,0.9994455225949542,0.9948287007110537,0.005171299288946329,0.004616821883900557,0.9891891891891892,0.9812332439678284,0.9979584473238303
10,profundidad_maxima,max_depth,None,3,0.09790787496604025,0.9994455225949542,0.995475113122172,0.004524886877828038,0.003970409472782266,0.990578734858681,0.9865951742627346,0.9995923745495567
11,profundidad_maxima,max_depth,None,3,0.08523045782931149,0.9997227612974772,0.9915966386554622,0.008403361344537785,0.008126122642014955,0.9823609226594301,0.9705093833780161,0.9985099405803124
12,profundidad_maxima,max_depth,None,3,0.094210916897282,0.9994455225949542,0.9935358758888171,0.006464124111182912,0.005909646706137139,0.9864130434782609,0.9731903485254692,0.9977460710387256
13,profundidad_maxima,max_depth,None,3,0.09794308408163488,0.9997227612974772,0.9909502262443439,0.009049773755656076,0.008772535053133246,0.981029810298103,0.9705093833780161,0.997361281747971
14,profundidad_maxima,max_depth,None,3,0.09636049997061491,0.9997227612974772,0.9948287007110537,0.005171299288946329,0.004894060586423499,0.9891891891891892,0.9812332439678284,0.9944039990682847
15,profundidad_maxima,max_depth,None,3,0.09612808283418417,0.9994455225949542,0.9935358758888171,0.006464124111182912,0.005909646706137139,0.9864864864864865,0.9785522788203753,0.9995661129659148
16,profundidad_maxima,max_depth,None,3,0.08695920882746577,0.9997227612974772,0.9928894634776988,0.007110536522301203,0.006833297819778372,0.9850746268656716,0.9731903485254692,0.9974777461623834
17,profundidad_maxima,max_depth,None,3,0.0954177500680089,0.9997227612974772,0.9941822882999354,0.005817711700064621,0.00554047299754179,0.9879194630872483,0.9865951742627346,0.9993982671922028
18,profundidad_maxima,max_depth,None,3,0.08668020903132856,1.0,0.9896574014221073,0.010342598577892659,0.010342598577892659,0.9782608695652174,0.9651474530831099,0.9958038556572018
19,profundidad_maxima,max_depth,None,3,0.09549395786598325,1.0,0.9909502262443439,0.009049773755656076,0.009049773755656076,0.981029810298103,0.9705093833780161,0.997518851249823
20,profundidad_maxima,max_depth,None,3,0.08557575009763241,1.0,0.9922430510665805,0.007756948933419494,0.007756948933419494,0.9837837837837838,0.9758713136729222,0.995914611031692
21,profundidad_maxima,max_depth,None,3,0.09681758307851851,1.0,0.9928894634776988,0.007110536522301203,0.007110536522301203,0.9850746268656716,0.9731903485254692,0.9939358577946665
22,profundidad_maxima,max_depth,None,3,0.08476862497627735,0.9997227612974772,0.9896574014221073,0.010342598577892659,0.010065359875369828,0.9782608695652174,0.9651474530831099,0.9970016122328741
23,profundidad_maxima,max_depth,None,3,0.08565445779822767,0.9997227612974772,0.9935358758888171,0.006464124111182912,0.006186885408660081,0.9865229110512129,0.9812332439678284,0.9978671026850756
24,profundidad_maxima,max_depth,None,3,0.09701750008389354,1.0,0.9928894634776988,0.007110536522301203,0.007110536522301203,0.9850746268656716,0.9731903485254692,0.995195272001498
25,profundidad_maxima,max_depth,None,3,0.09425712516531348,1.0,0.9948287007110537,0.005171299288946329,0.005171299288946329,0.9892761394101877,0.9892761394101877,0.9996985626921092
26,profundidad_maxima,max_depth,None,3,0.08540341607294977,0.9997227612974772,0.9974143503555268,0.0025856496444731647,0.002308410941950334,0.9946236559139785,0.9919571045576407,0.9980235303789431
27,profundidad_maxima,max_depth,None,3,0.09611533395946026,0.9994455225949542,0.9941822882999354,0.005817711700064621,0.005263234295018848,0.9878542510121457,0.9812332439678284,0.9994656338632845
28,profundidad_maxima,max_depth,None,3,0.09469120902940631,0.9997227612974772,0.9941822882999354,0.005817711700064621,0.00554047299754179,0.9879518072289156,0.9892761394101877,0.9991002553082653
29,profundidad_maxima,max_depth,None,3,0.09391862503252923,0.9997227612974772,0.9948287007110537,0.005171299288946329,0.004894060586423499,0.9891891891891892,0.9812332439678284,0.9960162319423067
0,variables_por_split,max_features,sqrt,0,0.09910420910455287,0.9997227612974772,0.9948287007110537,0.005171299288946329,0.004894060586423499,0.9891891891891892,0.9812332439678284,0.9976661444798149
1,variables_por_split,max_features,sqrt,0,0.09907495882362127,0.9994455225949542,0.9948287007110537,0.005171299288946329,0.004616821883900557,0.9892183288409704,0.9839142091152815,0.999501029910802
2,variables_por_split,max_features,sqrt,0,0.09797674999572337,0.9997227612974772,0.9948287007110537,0.005171299288946329,0.004894060586423499,0.9892183288409704,0.9839142091152815,0.9996277705970742
3,variables_por_split,max_features,sqrt,0,0.08775091613642871,0.9994455225949542,0.9909502262443439,0.009049773755656076,0.008495296350610304,0.981029810298103,0.9705093833780161,0.9973293111244068
4,variables_por_split,max_features,sqrt,0,0.09641583310440183,1.0,0.9941822882999354,0.005817711700064621,0.005817711700064621,0.9878869448183042,0.9839142091152815,0.9976535845919863
5,variables_por_split,max_features,sqrt,0,0.08398808306083083,1.0,0.9948287007110537,0.005171299288946329,0.005171299288946329,0.9891891891891892,0.9812332439678284,0.9960493443738553
6,variables_por_split,max_features,sqrt,0,0.09539520903490484,1.0,0.9928894634776988,0.007110536522301203,0.007110536522301203,0.9851551956815114,0.9785522788203753,0.9980566428104918
7,variables_por_split,max_features,sqrt,0,0.0829248339869082,1.0,0.9915966386554622,0.008403361344537785,0.008403361344537785,0.9824561403508771,0.9758713136729222,0.9962514443871004
8,variables_por_split,max_features,sqrt,0,0.08638016693294048,0.9997227612974772,0.9967679379444085,0.003232062055591456,0.002954823353068625,0.9932885906040269,0.9919571045576407,0.9977015405273326
9,variables_por_split,max_features,sqrt,0,0.09647904196754098,0.9994455225949542,0.9948287007110537,0.005171299288946329,0.004616821883900557,0.9891891891891892,0.9812332439678284,0.9979584473238303
10,variables_por_split,max_features,sqrt,0,0.08543525007553399,0.9994455225949542,0.995475113122172,0.004524886877828038,0.003970409472782266,0.990578734858681,0.9865951742627346,0.9995923745495567
11,variables_por_split,max_features,sqrt,0,0.08423024998046458,0.9997227612974772,0.9915966386554622,0.008403361344537785,0.008126122642014955,0.9823609226594301,0.9705093833780161,0.9985099405803124
12,variables_por_split,max_features,sqrt,0,0.08640637481585145,0.9994455225949542,0.9935358758888171,0.006464124111182912,0.005909646706137139,0.9864130434782609,0.9731903485254692,0.9977460710387256
13,variables_por_split,max_features,sqrt,0,0.09703366598114371,0.9997227612974772,0.9909502262443439,0.009049773755656076,0.008772535053133246,0.981029810298103,0.9705093833780161,0.997361281747971
14,variables_por_split,max_features,sqrt,0,0.08738862513564527,0.9997227612974772,0.9948287007110537,0.005171299288946329,0.004894060586423499,0.9891891891891892,0.9812332439678284,0.9944039990682847
15,variables_por_split,max_features,sqrt,0,0.09423712501302361,0.9994455225949542,0.9935358758888171,0.006464124111182912,0.005909646706137139,0.9864864864864865,0.9785522788203753,0.9995661129659148
16,variables_por_split,max_features,sqrt,0,0.08594845910556614,0.9997227612974772,0.9928894634776988,0.007110536522301203,0.006833297819778372,0.9850746268656716,0.9731903485254692,0.9974777461623834
17,variables_por_split,max_features,sqrt,0,0.08626458304934204,0.9997227612974772,0.9941822882999354,0.005817711700064621,0.00554047299754179,0.9879194630872483,0.9865951742627346,0.9993982671922028
18,variables_por_split,max_features,sqrt,0,0.08450225018896163,1.0,0.9896574014221073,0.010342598577892659,0.010342598577892659,0.9782608695652174,0.9651474530831099,0.9958038556572018
19,variables_por_split,max_features,sqrt,0,0.09780562506057322,1.0,0.9909502262443439,0.009049773755656076,0.009049773755656076,0.981029810298103,0.9705093833780161,0.997518851249823
20,variables_por_split,max_features,sqrt,0,0.0959802910219878,1.0,0.9922430510665805,0.007756948933419494,0.007756948933419494,0.9837837837837838,0.9758713136729222,0.995914611031692
21,variables_por_split,max_features,sqrt,0,0.0877205419819802,1.0,0.9928894634776988,0.007110536522301203,0.007110536522301203,0.9850746268656716,0.9731903485254692,0.9939358577946665
22,variables_por_split,max_features,sqrt,0,0.09578387485817075,0.9997227612974772,0.9896574014221073,0.010342598577892659,0.010065359875369828,0.9782608695652174,0.9651474530831099,0.9970016122328741
23,variables_por_split,max_features,sqrt,0,0.0965754589997232,0.9997227612974772,0.9935358758888171,0.006464124111182912,0.006186885408660081,0.9865229110512129,0.9812332439678284,0.9978671026850756
24,variables_por_split,max_features,sqrt,0,0.0949425830040127,1.0,0.9928894634776988,0.007110536522301203,0.007110536522301203,0.9850746268656716,0.9731903485254692,0.995195272001498
25,variables_por_split,max_features,sqrt,0,0.09665020788088441,1.0,0.9948287007110537,0.005171299288946329,0.005171299288946329,0.9892761394101877,0.9892761394101877,0.9996985626921092
26,variables_por_split,max_features,sqrt,0,0.08647749992087483,0.9997227612974772,0.9974143503555268,0.0025856496444731647,0.002308410941950334,0.9946236559139785,0.9919571045576407,0.9980235303789431
27,variables_por_split,max_features,sqrt,0,0.09717562492005527,0.9994455225949542,0.9941822882999354,0.005817711700064621,0.005263234295018848,0.9878542510121457,0.9812332439678284,0.9994656338632845
28,variables_por_split,max_features,sqrt,0,0.08654787507839501,0.9997227612974772,0.9941822882999354,0.005817711700064621,0.00554047299754179,0.9879518072289156,0.9892761394101877,0.9991002553082653
29,variables_por_split,max_features,sqrt,0,0.08666962501592934,0.9997227612974772,0.9948287007110537,0.005171299288946329,0.004894060586423499,0.9891891891891892,0.9812332439678284,0.9960162319423067
0,variables_por_split,max_features,log2,1,0.09593608300201595,0.9997227612974772,0.9948287007110537,0.005171299288946329,0.004894060586423499,0.9891891891891892,0.9812332439678284,0.9976661444798149
1,variables_por_split,max_features,log2,1,0.09922695904970169,0.9994455225949542,0.9948287007110537,0.005171299288946329,0.004616821883900557,0.9892183288409704,0.9839142091152815,0.999501029910802
2,variables_por_split,max_features,log2,1,0.09472987498156726,0.9997227612974772,0.9948287007110537,0.005171299288946329,0.004894060586423499,0.9892183288409704,0.9839142091152815,0.9996277705970742
3,variables_por_split,max_features,log2,1,0.09569987514987588,0.9994455225949542,0.9909502262443439,0.009049773755656076,0.008495296350610304,0.981029810298103,0.9705093833780161,0.9973293111244068
4,variables_por_split,max_features,log2,1,0.08524458389729261,1.0,0.9941822882999354,0.005817711700064621,0.005817711700064621,0.9878869448183042,0.9839142091152815,0.9976535845919863
5,variables_por_split,max_features,log2,1,0.08421191712841392,1.0,0.9948287007110537,0.005171299288946329,0.005171299288946329,0.9891891891891892,0.9812332439678284,0.9960493443738553
6,variables_por_split,max_features,log2,1,0.09838883299380541,1.0,0.9928894634776988,0.007110536522301203,0.007110536522301203,0.9851551956815114,0.9785522788203753,0.9980566428104918
7,variables_por_split,max_features,log2,1,0.0853475839830935,1.0,0.9915966386554622,0.008403361344537785,0.008403361344537785,0.9824561403508771,0.9758713136729222,0.9962514443871004
8,variables_por_split,max_features,log2,1,0.09577424987219274,0.9997227612974772,0.9967679379444085,0.003232062055591456,0.002954823353068625,0.9932885906040269,0.9919571045576407,0.9977015405273326
9,variables_por_split,max_features,log2,1,0.097280542133376,0.9994455225949542,0.9948287007110537,0.005171299288946329,0.004616821883900557,0.9891891891891892,0.9812332439678284,0.9979584473238303
10,variables_por_split,max_features,log2,1,0.0954626661259681,0.9994455225949542,0.995475113122172,0.004524886877828038,0.003970409472782266,0.990578734858681,0.9865951742627346,0.9995923745495567
11,variables_por_split,max_features,log2,1,0.08883404196240008,0.9997227612974772,0.9915966386554622,0.008403361344537785,0.008126122642014955,0.9823609226594301,0.9705093833780161,0.9985099405803124
12,variables_por_split,max_features,log2,1,0.08455125009641051,0.9994455225949542,0.9935358758888171,0.006464124111182912,0.005909646706137139,0.9864130434782609,0.9731903485254692,0.9977460710387256
13,variables_por_split,max_features,log2,1,0.09569337498396635,0.9997227612974772,0.9909502262443439,0.009049773755656076,0.008772535053133246,0.981029810298103,0.9705093833780161,0.997361281747971
14,variables_por_split,max_features,log2,1,0.09755995799787343,0.9997227612974772,0.9948287007110537,0.005171299288946329,0.004894060586423499,0.9891891891891892,0.9812332439678284,0.9944039990682847
15,variables_por_split,max_features,log2,1,0.0988687090575695,0.9994455225949542,0.9935358758888171,0.006464124111182912,0.005909646706137139,0.9864864864864865,0.9785522788203753,0.9995661129659148
16,variables_por_split,max_features,log2,1,0.08614800008945167,0.9997227612974772,0.9928894634776988,0.007110536522301203,0.006833297819778372,0.9850746268656716,0.9731903485254692,0.9974777461623834
17,variables_por_split,max_features,log2,1,0.08830779208801687,0.9997227612974772,0.9941822882999354,0.005817711700064621,0.00554047299754179,0.9879194630872483,0.9865951742627346,0.9993982671922028
18,variables_por_split,max_features,log2,1,0.08800549991428852,1.0,0.9896574014221073,0.010342598577892659,0.010342598577892659,0.9782608695652174,0.9651474530831099,0.9958038556572018
19,variables_por_split,max_features,log2,1,0.08358704182319343,1.0,0.9909502262443439,0.009049773755656076,0.009049773755656076,0.981029810298103,0.9705093833780161,0.997518851249823
20,variables_por_split,max_features,log2,1,0.08541645808145404,1.0,0.9922430510665805,0.007756948933419494,0.007756948933419494,0.9837837837837838,0.9758713136729222,0.995914611031692
21,variables_por_split,max_features,log2,1,0.09544237516820431,1.0,0.9928894634776988,0.007110536522301203,0.007110536522301203,0.9850746268656716,0.9731903485254692,0.9939358577946665
22,variables_por_split,max_features,log2,1,0.09633445786312222,0.9997227612974772,0.9896574014221073,0.010342598577892659,0.010065359875369828,0.9782608695652174,0.9651474530831099,0.9970016122328741
23,variables_por_split,max_features,log2,1,0.09733983315527439,0.9997227612974772,0.9935358758888171,0.006464124111182912,0.006186885408660081,0.9865229110512129,0.9812332439678284,0.9978671026850756
24,variables_por_split,max_features,log2,1,0.09648270811885595,1.0,0.9928894634776988,0.007110536522301203,0.007110536522301203,0.9850746268656716,0.9731903485254692,0.995195272001498
25,variables_por_split,max_features,log2,1,0.09629308292642236,1.0,0.9948287007110537,0.005171299288946329,0.005171299288946329,0.9892761394101877,0.9892761394101877,0.9996985626921092
26,variables_por_split,max_features,log2,1,0.09630254213698208,0.9997227612974772,0.9974143503555268,0.0025856496444731647,0.002308410941950334,0.9946236559139785,0.9919571045576407,0.9980235303789431
27,variables_por_split,max_features,log2,1,0.09478275012224913,0.9994455225949542,0.9941822882999354,0.005817711700064621,0.005263234295018848,0.9878542510121457,0.9812332439678284,0.9994656338632845
28,variables_por_split,max_features,log2,1,0.0958992918021977,0.9997227612974772,0.9941822882999354,0.005817711700064621,0.00554047299754179,0.9879518072289156,0.9892761394101877,0.9991002553082653
29,variables_por_split,max_features,log2,1,0.0954223747830838,0.9997227612974772,0.9948287007110537,0.005171299288946329,0.004894060586423499,0.9891891891891892,0.9812332439678284,0.9960162319423067
0,variables_por_split,max_features,None,2,0.1613645839970559,0.9997227612974772,0.9915966386554622,0.008403361344537785,0.008126122642014955,0.9824561403508771,0.9758713136729222,0.9975953523847801
1,variables_por_split,max_features,None,2,0.16771512501873076,0.9994455225949542,0.9915966386554622,0.008403361344537785,0.007848883939492013,0.9824561403508771,0.9758713136729222,0.9958529534005326
2,variables_por_split,max_features,None,2,0.1676902079489082,0.9997227612974772,0.989010989010989,0.01098901098901095,0.01071177228648812,0.9771812080536912,0.9758713136729222,0.9978739535329822
3,variables_por_split,max_features,None,2,0.16151600005105138,0.9994455225949542,0.9864253393665159,0.013574660633484115,0.013020183228438342,0.9715832205683356,0.9624664879356568,0.9943800211006115
4,variables_por_split,max_features,None,2,0.15114887501113117,1.0,0.9883645765998708,0.011635423400129241,0.011635423400129241,0.9758064516129032,0.9731903485254692,0.9947328397678019
5,variables_por_split,max_features,None,2,0.161251625046134,1.0,0.9909502262443439,0.009049773755656076,0.009049773755656076,0.981081081081081,0.9731903485254692,0.9949315143570937
6,variables_por_split,max_features,None,2,0.15669916709885,1.0,0.989010989010989,0.01098901098901095,0.01098901098901095,0.9769959404600812,0.967828418230563,0.9954647386858246
7,variables_por_split,max_features,None,2,0.1497853749897331,1.0,0.989010989010989,0.01098901098901095,0.01098901098901095,0.9771812080536912,0.9758713136729222,0.9943092290055766
8,variables_por_split,max_features,None,2,0.156517666997388,0.9997227612974772,0.9935358758888171,0.006464124111182912,0.006186885408660081,0.9865229110512129,0.9812332439678284,0.9975964941927646
9,variables_por_split,max_features,None,2,0.15904249995946884,0.9994455225949542,0.9903038138332256,0.009696186166774368,0.009141708761728595,0.9798657718120806,0.9785522788203753,0.9978374156774803
10,variables_por_split,max_features,None,2,0.17888349993154407,0.9994455225949542,0.9928894634776988,0.007110536522301203,0.0065560591172554306,0.9851951547779273,0.9812332439678284,0.9973875433316131
11,variables_por_split,max_features,None,2,0.16114816605113447,0.9997227612974772,0.989010989010989,0.01098901098901095,0.01071177228648812,0.9769959404600812,0.967828418230563,0.9952409443208755
12,variables_por_split,max_features,None,2,0.14603749988600612,0.9994455225949542,0.9922430510665805,0.007756948933419494,0.007202471528373722,0.9836956521739131,0.9705093833780161,0.995134756178323
13,variables_por_split,max_features,None,2,0.16422679112292826,0.9997227612974772,0.9896574014221073,0.010342598577892659,0.010065359875369828,0.9784366576819407,0.9731903485254692,0.9973806924837064
14,variables_por_split,max_features,None,2,0.155132417101413,0.9997227612974772,0.9877181641887525,0.012281835811247532,0.012004597108724702,0.9741496598639455,0.9597855227882037,0.9948230425985722
15,variables_por_split,max_features,None,2,0.16062533296644688,0.9994455225949542,0.9928894634776988,0.007110536522301203,0.0065560591172554306,0.9851951547779273,0.9812332439678284,0.9990385976771058
16,variables_por_split,max_features,None,2,0.15319145820103586,0.9997227612974772,0.9883645765998708,0.011635423400129241,0.01135818469760641,0.9756756756756757,0.967828418230563,0.9943857301405337
17,variables_por_split,max_features,None,2,0.17162754200398922,0.9997227612974772,0.9941822882999354,0.005817711700064621,0.00554047299754179,0.9879194630872483,0.9865951742627346,0.9974526263867258
18,variables_por_split,max_features,None,2,0.13763362495228648,1.0,0.9831932773109243,0.01680672268907568,0.01680672268907568,0.9646739130434783,0.9517426273458445,0.9937154888536703
19,variables_por_split,max_features,None,2,0.15727049997076392,1.0,0.9870717517776342,0.012928248222365823,0.012928248222365823,0.9728997289972899,0.9624664879356568,0.9914638435083649
20,variables_por_split,max_features,None,2,0.1518236668780446,1.0,0.9896574014221073,0.010342598577892659,0.010342598577892659,0.9783783783783784,0.9705093833780161,0.9946711821366425
21,variables_por_split,max_features,None,2,0.15735529107041657,1.0,0.9896574014221073,0.010342598577892659,0.010342598577892659,0.9784366576819407,0.9731903485254692,0.9931354503975776
22,variables_por_split,max_features,None,2,0.1442299170885235,0.9997227612974772,0.9851325145442793,0.014867485455720697,0.014590246753197866,0.9687074829931973,0.9544235924932976,0.9911601225845051
23,variables_por_split,max_features,None,2,0.16178370802663267,0.9997227612974772,0.9877181641887525,0.012281835811247532,0.012004597108724702,0.974496644295302,0.9731903485254692,0.9970175975446561
24,variables_por_split,max_features,None,2,0.14997833385132253,1.0,0.9857789269553976,0.014221073044602406,0.014221073044602406,0.9700272479564033,0.9544235924932976,0.9926421893483017
25,variables_por_split,max_features,None,2,0.16415545786730945,1.0,0.9928894634776988,0.007110536522301203,0.007110536522301203,0.9852348993288591,0.9839142091152815,0.9975690908011382
26,variables_por_split,max_features,None,2,0.17066241684369743,0.9997227612974772,0.9935358758888171,0.006464124111182912,0.006186885408660081,0.9865951742627346,0.9865951742627346,0.9982484665518769
27,variables_por_split,max_features,None,2,0.15769033320248127,0.9994455225949542,0.9877181641887525,0.012281835811247532,0.01172735840620176,0.9741496598639455,0.9597855227882037,0.998965521966102
28,variables_por_split,max_features,None,2,0.16108708293177187,0.9997227612974772,0.9864253393665159,0.013574660633484115,0.013297421930961284,0.9718875502008032,0.9731903485254692,0.9977552055026011
29,variables_por_split,max_features,None,2,0.160122332861647,0.9997227612974772,0.9883645765998708,0.011635423400129241,0.01135818469760641,0.9758713136729222,0.9758713136729222,0.994678032984549
0,minimo_muestras_hoja,min_samples_leaf,1,0,0.09691666695289314,0.9997227612974772,0.9948287007110537,0.005171299288946329,0.004894060586423499,0.9891891891891892,0.9812332439678284,0.9976661444798149
1,minimo_muestras_hoja,min_samples_leaf,1,0,0.09730229200795293,0.9994455225949542,0.9948287007110537,0.005171299288946329,0.004616821883900557,0.9892183288409704,0.9839142091152815,0.999501029910802
2,minimo_muestras_hoja,min_samples_leaf,1,0,0.09730749996379018,0.9997227612974772,0.9948287007110537,0.005171299288946329,0.004894060586423499,0.9892183288409704,0.9839142091152815,0.9996277705970742
3,minimo_muestras_hoja,min_samples_leaf,1,0,0.0957592090126127,0.9994455225949542,0.9909502262443439,0.009049773755656076,0.008495296350610304,0.981029810298103,0.9705093833780161,0.9973293111244068
4,minimo_muestras_hoja,min_samples_leaf,1,0,0.0852883339393884,1.0,0.9941822882999354,0.005817711700064621,0.005817711700064621,0.9878869448183042,0.9839142091152815,0.9976535845919863
5,minimo_muestras_hoja,min_samples_leaf,1,0,0.0847508329898119,1.0,0.9948287007110537,0.005171299288946329,0.005171299288946329,0.9891891891891892,0.9812332439678284,0.9960493443738553
6,minimo_muestras_hoja,min_samples_leaf,1,0,0.09607545798644423,1.0,0.9928894634776988,0.007110536522301203,0.007110536522301203,0.9851551956815114,0.9785522788203753,0.9980566428104918
7,minimo_muestras_hoja,min_samples_leaf,1,0,0.08540858305059373,1.0,0.9915966386554622,0.008403361344537785,0.008403361344537785,0.9824561403508771,0.9758713136729222,0.9962514443871004
8,minimo_muestras_hoja,min_samples_leaf,1,0,0.08527308399789035,0.9997227612974772,0.9967679379444085,0.003232062055591456,0.002954823353068625,0.9932885906040269,0.9919571045576407,0.9977015405273326
9,minimo_muestras_hoja,min_samples_leaf,1,0,0.0983396670781076,0.9994455225949542,0.9948287007110537,0.005171299288946329,0.004616821883900557,0.9891891891891892,0.9812332439678284,0.9979584473238303
10,minimo_muestras_hoja,min_samples_leaf,1,0,0.08630462503060699,0.9994455225949542,0.995475113122172,0.004524886877828038,0.003970409472782266,0.990578734858681,0.9865951742627346,0.9995923745495567
11,minimo_muestras_hoja,min_samples_leaf,1,0,0.09667216590605676,0.9997227612974772,0.9915966386554622,0.008403361344537785,0.008126122642014955,0.9823609226594301,0.9705093833780161,0.9985099405803124
12,minimo_muestras_hoja,min_samples_leaf,1,0,0.09545366698876023,0.9994455225949542,0.9935358758888171,0.006464124111182912,0.005909646706137139,0.9864130434782609,0.9731903485254692,0.9977460710387256
13,minimo_muestras_hoja,min_samples_leaf,1,0,0.09471479197964072,0.9997227612974772,0.9909502262443439,0.009049773755656076,0.008772535053133246,0.981029810298103,0.9705093833780161,0.997361281747971
14,minimo_muestras_hoja,min_samples_leaf,1,0,0.08510316605679691,0.9997227612974772,0.9948287007110537,0.005171299288946329,0.004894060586423499,0.9891891891891892,0.9812332439678284,0.9944039990682847
15,minimo_muestras_hoja,min_samples_leaf,1,0,0.09623875003308058,0.9994455225949542,0.9935358758888171,0.006464124111182912,0.005909646706137139,0.9864864864864865,0.9785522788203753,0.9995661129659148
16,minimo_muestras_hoja,min_samples_leaf,1,0,0.08592033409513533,0.9997227612974772,0.9928894634776988,0.007110536522301203,0.006833297819778372,0.9850746268656716,0.9731903485254692,0.9974777461623834
17,minimo_muestras_hoja,min_samples_leaf,1,0,0.09657833306118846,0.9997227612974772,0.9941822882999354,0.005817711700064621,0.00554047299754179,0.9879194630872483,0.9865951742627346,0.9993982671922028
18,minimo_muestras_hoja,min_samples_leaf,1,0,0.09248049999587238,1.0,0.9896574014221073,0.010342598577892659,0.010342598577892659,0.9782608695652174,0.9651474530831099,0.9958038556572018
19,minimo_muestras_hoja,min_samples_leaf,1,0,0.08562616701237857,1.0,0.9909502262443439,0.009049773755656076,0.009049773755656076,0.981029810298103,0.9705093833780161,0.997518851249823
20,minimo_muestras_hoja,min_samples_leaf,1,0,0.08581908396445215,1.0,0.9922430510665805,0.007756948933419494,0.007756948933419494,0.9837837837837838,0.9758713136729222,0.995914611031692
21,minimo_muestras_hoja,min_samples_leaf,1,0,0.09672437515109777,1.0,0.9928894634776988,0.007110536522301203,0.007110536522301203,0.9850746268656716,0.9731903485254692,0.9939358577946665
22,minimo_muestras_hoja,min_samples_leaf,1,0,0.08514329208992422,0.9997227612974772,0.9896574014221073,0.010342598577892659,0.010065359875369828,0.9782608695652174,0.9651474530831099,0.9970016122328741
23,minimo_muestras_hoja,min_samples_leaf,1,0,0.13709858315996826,0.9997227612974772,0.9935358758888171,0.006464124111182912,0.006186885408660081,0.9865229110512129,0.9812332439678284,0.9978671026850756
24,minimo_muestras_hoja,min_samples_leaf,1,0,0.08696074993349612,1.0,0.9928894634776988,0.007110536522301203,0.007110536522301203,0.9850746268656716,0.9731903485254692,0.995195272001498
25,minimo_muestras_hoja,min_samples_leaf,1,0,0.08673049998469651,1.0,0.9948287007110537,0.005171299288946329,0.005171299288946329,0.9892761394101877,0.9892761394101877,0.9996985626921092
26,minimo_muestras_hoja,min_samples_leaf,1,0,0.08590762480162084,0.9997227612974772,0.9974143503555268,0.0025856496444731647,0.002308410941950334,0.9946236559139785,0.9919571045576407,0.9980235303789431
27,minimo_muestras_hoja,min_samples_leaf,1,0,0.0966902079526335,0.9994455225949542,0.9941822882999354,0.005817711700064621,0.005263234295018848,0.9878542510121457,0.9812332439678284,0.9994656338632845
28,minimo_muestras_hoja,min_samples_leaf,1,0,0.08603337500244379,0.9997227612974772,0.9941822882999354,0.005817711700064621,0.00554047299754179,0.9879518072289156,0.9892761394101877,0.9991002553082653
29,minimo_muestras_hoja,min_samples_leaf,1,0,0.08551537501625717,0.9997227612974772,0.9948287007110537,0.005171299288946329,0.004894060586423499,0.9891891891891892,0.9812332439678284,0.9960162319423067
0,minimo_muestras_hoja,min_samples_leaf,5,1,0.08572870795615017,0.9958414194621569,0.9935358758888171,0.006464124111182912,0.0023055435733397855,0.9864864864864865,0.9785522788203753,0.9973281693164224
1,minimo_muestras_hoja,min_samples_leaf,5,1,0.08452799986116588,0.9963958968672026,0.9935358758888171,0.006464124111182912,0.002860020978385558,0.9864864864864865,0.9785522788203753,0.9990317468291993
2,minimo_muestras_hoja,min_samples_leaf,5,1,0.09886562498286366,0.9947324646520654,0.9948287007110537,0.005171299288946329,-9.623605898823051e-05,0.9891891891891892,0.9812332439678284,0.9991116733881097
3,minimo_muestras_hoja,min_samples_leaf,5,1,0.0940318328794092,0.9961186581646798,0.9903038138332256,0.009696186166774368,0.005814844331454183,0.9796472184531886,0.967828418230563,0.998088613434056
4,minimo_muestras_hoja,min_samples_leaf,5,1,0.08535599987953901,0.9961186581646798,0.989010989010989,0.01098901098901095,0.0071076691536907655,0.9768707482993197,0.9624664879356568,0.9968954240903216
5,minimo_muestras_hoja,min_samples_leaf,5,1,0.08594350004568696,0.9961186581646798,0.9941822882999354,0.005817711700064621,0.001936369864744436,0.9878213802435724,0.9785522788203753,0.9952797657923462
6,minimo_muestras_hoja,min_samples_leaf,5,1,0.08549945917911828,0.9961186581646798,0.9935358758888171,0.006464124111182912,0.0025827822758627272,0.986449864498645,0.9758713136729222,0.9986869208178999
7,minimo_muestras_hoja,min_samples_leaf,5,1,0.08349900017492473,0.9958414194621569,0.9909502262443439,0.009049773755656076,0.00489119321781295,0.981081081081081,0.9731903485254692,0.9963245200981041
8,minimo_muestras_hoja,min_samples_leaf,5,1,0.09497500001452863,0.9958414194621569,0.9948287007110537,0.005171299288946329,0.0010127187511032032,0.989247311827957,0.9865951742627346,0.9973989614114573
9,minimo_muestras_hoja,min_samples_leaf,5,1,0.08468033303506672,0.9958414194621569,0.995475113122172,0.004524886877828038,0.000366306339984912,0.99055330634278,0.9839142091152815,0.998175390840873
10,minimo_muestras_hoja,min_samples_leaf,5,1,0.0978716250974685,0.995564180759634,0.9935358758888171,0.006464124111182912,0.002028304870816955,0.9864864864864865,0.9785522788203753,0.9994245287758449
11,minimo_muestras_hoja,min_samples_leaf,5,1,0.08634245907887816,0.9963958968672026,0.9915966386554622,0.008403361344537785,0.0047992582117404314,0.9823129251700681,0.967828418230563,0.9976935478714415
12,minimo_muestras_hoja,min_samples_leaf,5,1,0.09540370898321271,0.9961186581646798,0.9909502262443439,0.009049773755656076,0.005168431920335892,0.9808743169398907,0.9624664879356568,0.9969445218336522
13,minimo_muestras_hoja,min_samples_leaf,5,1,0.09727308293804526,0.9961186581646798,0.9922430510665805,0.007756948933419494,0.0038756070980993096,0.983739837398374,0.9731903485254692,0.9970781133678311
14,minimo_muestras_hoja,min_samples_leaf,5,1,0.09629191691055894,0.995564180759634,0.9922430510665805,0.007756948933419494,0.0033211296930535372,0.983739837398374,0.9731903485254692,0.995116487250572
15,minimo_muestras_hoja,min_samples_leaf,5,1,0.08480316703207791,0.9961186581646798,0.9909502262443439,0.009049773755656076,0.005168431920335892,0.981029810298103,0.9705093833780161,0.9992875118177127
16,minimo_muestras_hoja,min_samples_leaf,5,1,0.08303079102188349,0.9969503742722484,0.9922430510665805,0.007756948933419494,0.004707323205667913,0.9836956521739131,0.9705093833780161,0.9968269156112555
17,minimo_muestras_hoja,min_samples_leaf,5,1,0.08623820799402893,0.995564180759634,0.995475113122172,0.004524886877828038,8.906763746208135e-05,0.990578734858681,0.9865951742627346,0.9992601084260861
18,minimo_muestras_hoja,min_samples_leaf,5,1,0.08363720891065896,0.9969503742722484,0.9857789269553976,0.014221073044602406,0.011171447316850824,0.9698630136986301,0.9490616621983914,0.994439395115802
19,minimo_muestras_hoja,min_samples_leaf,5,1,0.08612712495960295,0.9963958968672026,0.9922430510665805,0.007756948933419494,0.00415284580062214,0.9836956521739131,0.9705093833780161,0.9977243766870213
20,minimo_muestras_hoja,min_samples_leaf,5,1,0.08500212500803173,0.9961186581646798,0.9909502262443439,0.009049773755656076,0.005168431920335892,0.9809782608695652,0.967828418230563,0.9949714776365486
21,minimo_muestras_hoja,min_samples_leaf,5,1,0.08499220805242658,0.9966731355697256,0.9915966386554622,0.008403361344537785,0.005076496914263373,0.9823129251700681,0.967828418230563,0.9943640357888295
22,minimo_muestras_hoja,min_samples_leaf,5,1,0.08518016617745161,0.9958414194621569,0.9877181641887525,0.012281835811247532,0.008123255273404406,0.9740791268758526,0.9571045576407506,0.9952626386725797
23,minimo_muestras_hoja,min_samples_leaf,5,1,0.0971450840588659,0.9952869420571112,0.9915966386554622,0.008403361344537785,0.0036903034016489977,0.9824086603518268,0.9731903485254692,0.9984585592210129
24,minimo_muestras_hoja,min_samples_leaf,5,1,0.08542516711167991,0.9963958968672026,0.989010989010989,0.01098901098901095,0.007384907856213596,0.9767441860465116,0.9571045576407506,0.994617517161374
25,minimo_muestras_hoja,min_samples_leaf,5,1,0.08668912504799664,0.9958414194621569,0.9941822882999354,0.005817711700064621,0.0016591311622214944,0.9878869448183042,0.9839142091152815,0.9995683965818836
26,minimo_muestras_hoja,min_samples_leaf,5,1,0.0854942079167813,0.9961186581646798,0.9967679379444085,0.003232062055591456,-0.0006492797797287286,0.9932705248990579,0.9892761394101877,0.9974777461623835
27,minimo_muestras_hoja,min_samples_leaf,5,1,0.08464429201558232,0.9952869420571112,0.9909502262443439,0.009049773755656076,0.004336715812767289,0.9809782608695652,0.967828418230563,0.9990865536124521
28,minimo_muestras_hoja,min_samples_leaf,5,1,0.08526820782572031,0.9961186581646798,0.9928894634776988,0.007110536522301203,0.0032291946869810184,0.9852348993288591,0.9839142091152815,0.9992669592739928
29,minimo_muestras_hoja,min_samples_leaf,5,1,0.09361924999393523,0.9963958968672026,0.9935358758888171,0.006464124111182912,0.002860020978385558,0.986449864498645,0.9758713136729222,0.996455828016314
0,minimo_muestras_hoja,min_samples_leaf,10,2,0.08683137502521276,0.9930690324369282,0.9928894634776988,0.007110536522301203,0.00017956895922943694,0.9850746268656716,0.9731903485254692,0.9971843015103835
1,minimo_muestras_hoja,min_samples_leaf,10,2,0.09671795787289739,0.9933462711394511,0.9922430510665805,0.007756948933419494,0.0011032200728705588,0.983739837398374,0.9731903485254692,0.9987942507684368
2,minimo_muestras_hoja,min_samples_leaf,10,2,0.09522483288310468,0.9922373163293596,0.9903038138332256,0.009696186166774368,0.0019335024961339986,0.9796472184531886,0.967828418230563,0.9993468858329033
3,minimo_muestras_hoja,min_samples_leaf,10,2,0.0831860420294106,0.9936235098419739,0.9877181641887525,0.012281835811247532,0.005905345653221428,0.9740791268758526,0.9571045576407506,0.9981160168256824
4,minimo_muestras_hoja,min_samples_leaf,10,2,0.0839354160707444,0.9941779872470197,0.9877181641887525,0.012281835811247532,0.0064598230582672,0.9740791268758526,0.9571045576407506,0.9962354590753182
5,minimo_muestras_hoja,min_samples_leaf,10,2,0.08744529192335904,0.9952869420571112,0.9935358758888171,0.006464124111182912,0.0017510661682941242,0.9864864864864865,0.9785522788203753,0.9951244799064631
6,minimo_muestras_hoja,min_samples_leaf,10,2,0.0877036249730736,0.9944552259495426,0.9909502262443439,0.009049773755656076,0.003504999705198686,0.981029810298103,0.9705093833780161,0.9985316349320168
7,minimo_muestras_hoja,min_samples_leaf,10,2,0.08126966701820493,0.9936235098419739,0.9909502262443439,0.009049773755656076,0.002673283597629972,0.981081081081081,0.9731903485254692,0.9956257336116299
8,minimo_muestras_hoja,min_samples_leaf,10,2,0.08702841703779995,0.9936235098419739,0.9941822882999354,0.005817711700064621,-0.0005587784579614841,0.9878869448183042,0.9839142091152815,0.9969376709857455
9,minimo_muestras_hoja,min_samples_leaf,10,2,0.08353675017133355,0.9930690324369282,0.9941822882999354,0.005817711700064621,-0.0011132558630071454,0.9878213802435724,0.9785522788203753,0.9976547263999707
10,minimo_muestras_hoja,min_samples_leaf,10,2,0.0969233748037368,0.9930690324369282,0.9922430510665805,0.007756948933419494,0.0008259813703477281,0.983739837398374,0.9731903485254692,0.9993400349849967
11,minimo_muestras_hoja,min_samples_leaf,10,2,0.08636100008152425,0.9952869420571112,0.9896574014221073,0.010342598577892659,0.005629540635003871,0.9781420765027322,0.9597855227882037,0.9974720371224612
12,minimo_muestras_hoja,min_samples_leaf,10,2,0.08397495909594,0.9933462711394511,0.9909502262443439,0.009049773755656076,0.002396044895107141,0.9808743169398907,0.9624664879356568,0.996439842704532
13,minimo_muestras_hoja,min_samples_leaf,10,2,0.0835511249024421,0.9936235098419739,0.9915966386554622,0.008403361344537785,0.0020268711865116806,0.9824086603518268,0.9731903485254692,0.9982164959283127
14,minimo_muestras_hoja,min_samples_leaf,10,2,0.08395029185339808,0.9941779872470197,0.9903038138332256,0.009696186166774368,0.0038741734137940353,0.9796472184531886,0.967828418230563,0.994841311526323
15,minimo_muestras_hoja,min_samples_leaf,10,2,0.09428841713815928,0.9941779872470197,0.9896574014221073,0.010342598577892659,0.0045205858249123265,0.978319783197832,0.967828418230563,0.9992418394983353
16,minimo_muestras_hoja,min_samples_leaf,10,2,0.08489687507972121,0.9941779872470197,0.9903038138332256,0.009696186166774368,0.0038741734137940353,0.9795918367346939,0.9651474530831099,0.9963507816817462
17,minimo_muestras_hoja,min_samples_leaf,10,2,0.08865733304992318,0.9930690324369282,0.9948287007110537,0.005171299288946329,-0.0017596682741254366,0.9892183288409704,0.9839142091152815,0.9990751355326077
18,minimo_muestras_hoja,min_samples_leaf,10,2,0.08503062487579882,0.9947324646520654,0.9799612152553329,0.020038784744667137,0.014771249396732578,0.9577080491132333,0.9410187667560321,0.994003224465748
19,minimo_muestras_hoja,min_samples_leaf,10,2,0.08441383298486471,0.9939007485444968,0.9903038138332256,0.009696186166774368,0.0035969347112712047,0.9795361527967258,0.9624664879356568,0.9964444099364698
20,minimo_muestras_hoja,min_samples_leaf,10,2,0.08382525015622377,0.9936235098419739,0.9896574014221073,0.010342598577892659,0.003966108419866554,0.9782608695652174,0.9651474530831099,0.9957068019785249
21,minimo_muestras_hoja,min_samples_leaf,10,2,0.08299300004728138,0.9941779872470197,0.9896574014221073,0.010342598577892659,0.0045205858249123265,0.978319783197832,0.967828418230563,0.9939027453631177
22,minimo_muestras_hoja,min_samples_leaf,10,2,0.09457404096610844,0.9952869420571112,0.9870717517776342,0.012928248222365823,0.008215190279477036,0.9727520435967303,0.9571045576407506,0.9960093810944001
23,minimo_muestras_hoja,min_samples_leaf,10,2,0.0841290841344744,0.9925145550318825,0.9903038138332256,0.009696186166774368,0.0022107411986568293,0.9796472184531886,0.967828418230563,0.9984654100689195
24,minimo_muestras_hoja,min_samples_leaf,10,2,0.0863975000102073,0.9939007485444968,0.989010989010989,0.01098901098901095,0.004889759533507787,0.9767441860465116,0.9571045576407506,0.9938159679563009
25,minimo_muestras_hoja,min_samples_leaf,10,2,0.08701758296228945,0.9933462711394511,0.9928894634776988,0.007110536522301203,0.0004568076617522676,0.9851551956815114,0.9785522788203753,0.9994724847111911
26,minimo_muestras_hoja,min_samples_leaf,10,2,0.08351387502625585,0.9950097033545883,0.9967679379444085,0.003232062055591456,-0.0017582345898202734,0.9932705248990579,0.9892761394101877,0.9977186676470992
27,minimo_muestras_hoja,min_samples_leaf,10,2,0.0848647088278085,0.9933462711394511,0.9909502262443439,0.009049773755656076,0.002396044895107141,0.9809782608695652,0.967828418230563,0.9988444903197519
28,minimo_muestras_hoja,min_samples_leaf,10,2,0.08472258388064802,0.9944552259495426,0.9903038138332256,0.009696186166774368,0.004151412116316977,0.9799196787148594,0.9812332439678284,0.9986869208178999
29,minimo_muestras_hoja,min_samples_leaf,10,2,0.09886291692964733,0.9927917937344053,0.9935358758888171,0.006464124111182912,-0.0007440821544117959,0.986449864498645,0.9758713136729222,0.995276340368393
0,minimo_muestras_hoja,min_samples_leaf,20,3,0.08567099994979799,0.9908511228167453,0.9922430510665805,0.007756948933419494,-0.0013919282498352503,0.9836956521739131,0.9705093833780161,0.9967983704116443
1,minimo_muestras_hoja,min_samples_leaf,20,3,0.08262904197908938,0.9919600776268367,0.9896574014221073,0.010342598577892659,0.002302676204729348,0.9782608695652174,0.9651474530831099,0.9979904179473946
2,minimo_muestras_hoja,min_samples_leaf,20,3,0.08360004099085927,0.9905738841142223,0.9915966386554622,0.008403361344537785,-0.0010227545412399008,0.9823129251700681,0.967828418230563,0.9990682846847011
3,minimo_muestras_hoja,min_samples_leaf,20,3,0.08686466701328754,0.9922373163293596,0.984486102133161,0.015513897866838988,0.007751214196198619,0.967479674796748,0.9571045576407506,0.9970312992404693
4,minimo_muestras_hoja,min_samples_leaf,20,3,0.08630429091863334,0.9922373163293596,0.9864253393665159,0.013574660633484115,0.005811976962843746,0.9714285714285714,0.9571045576407506,0.9952044064653734
5,minimo_muestras_hoja,min_samples_leaf,20,3,0.088297207839787,0.9908511228167453,0.9883645765998708,0.011635423400129241,0.0024865462168744967,0.975609756097561,0.9651474530831099,0.9937269069335148
6,minimo_muestras_hoja,min_samples_leaf,20,3,0.08515704213641584,0.9908511228167453,0.9864253393665159,0.013574660633484115,0.00442578345022937,0.9714285714285714,0.9571045576407506,0.998175390840873
7,minimo_muestras_hoja,min_samples_leaf,20,3,0.0832568749319762,0.9916828389243139,0.9909502262443439,0.009049773755656076,0.0007326126799699351,0.981029810298103,0.9705093833780161,0.9953802448949765
8,minimo_muestras_hoja,min_samples_leaf,20,3,0.084734708070755,0.9902966454116995,0.9935358758888171,0.006464124111182912,-0.003239230477117605,0.9865229110512129,0.9812332439678284,0.9962080556836919
9,minimo_muestras_hoja,min_samples_leaf,20,3,0.08405637484975159,0.9902966454116995,0.9896574014221073,0.010342598577892659,0.000639243989592142,0.9782608695652174,0.9651474530831099,0.997581650688967
10,minimo_muestras_hoja,min_samples_leaf,20,3,0.0886226249858737,0.9905738841142223,0.9915966386554622,0.008403361344537785,-0.0010227545412399008,0.9823609226594301,0.9705093833780161,0.9989974925896662
11,minimo_muestras_hoja,min_samples_leaf,20,3,0.08430641703307629,0.9908511228167453,0.9864253393665159,0.013574660633484115,0.00442578345022937,0.9711934156378601,0.9490616621983914,0.9969582235294655
12,minimo_muestras_hoja,min_samples_leaf,20,3,0.08617387502454221,0.9916828389243139,0.9870717517776342,0.012928248222365823,0.004611087146679682,0.9726027397260274,0.9517426273458445,0.9957558997218556
13,minimo_muestras_hoja,min_samples_leaf,20,3,0.0841614999808371,0.9894649293041309,0.9915966386554622,0.008403361344537785,-0.0021317093513313345,0.9824561403508771,0.9758713136729222,0.9979972687953012
14,minimo_muestras_hoja,min_samples_leaf,20,3,0.08677566586993635,0.9914056002217909,0.989010989010989,0.01098901098901095,0.002394611210801867,0.9769335142469471,0.9651474530831099,0.9943640357888293
15,minimo_muestras_hoja,min_samples_leaf,20,3,0.08316829218529165,0.9911283615192681,0.9877181641887525,0.012281835811247532,0.0034101973305156186,0.9741496598639455,0.9597855227882037,0.998947253038351
16,minimo_muestras_hoja,min_samples_leaf,20,3,0.08568695816211402,0.9911283615192681,0.9877181641887525,0.012281835811247532,0.0034101973305156186,0.9741496598639455,0.9597855227882037,0.9956211663796923
17,minimo_muestras_hoja,min_samples_leaf,20,3,0.09277750016190112,0.9908511228167453,0.9928894634776988,0.007110536522301203,-0.0020383406609535415,0.9851150202976996,0.9758713136729222,0.9989974925896662
18,minimo_muestras_hoja,min_samples_leaf,20,3,0.0859418751206249,0.9936235098419739,0.982546864899806,0.017453135100193973,0.011076644942167868,0.9630642954856361,0.9436997319034852,0.9927403848349631
19,minimo_muestras_hoja,min_samples_leaf,20,3,0.08363366592675447,0.9922373163293596,0.9877181641887525,0.012281835811247532,0.004519152140607163,0.9740082079343365,0.9544235924932976,0.9960265082141666
20,minimo_muestras_hoja,min_samples_leaf,20,3,0.08478474989533424,0.9916828389243139,0.9903038138332256,0.009696186166774368,0.0013790250910882262,0.9795918367346939,0.9651474530831099,0.9944074244922381
21,minimo_muestras_hoja,min_samples_leaf,20,3,0.08782741683535278,0.9905738841142223,0.9883645765998708,0.011635423400129241,0.002209307514351555,0.9757412398921833,0.9705093833780161,0.9942144589428684
22,minimo_muestras_hoja,min_samples_leaf,20,3,0.0837400839664042,0.9930690324369282,0.984486102133161,0.015513897866838988,0.008582930303767222,0.9673024523160763,0.9517426273458445,0.9945353069864946
23,minimo_muestras_hoja,min_samples_leaf,20,3,0.08836554200388491,0.9911283615192681,0.9870717517776342,0.012928248222365823,0.00405660974163391,0.972972972972973,0.9651474530831099,0.9976775625596594
24,minimo_muestras_hoja,min_samples_leaf,20,3,0.08333279192447662,0.9922373163293596,0.9870717517776342,0.012928248222365823,0.0051655645517254545,0.9726775956284153,0.9544235924932976,0.99282716224178
25,minimo_muestras_hoja,min_samples_leaf,20,3,0.08607420814223588,0.9914056002217909,0.9915966386554622,0.008403361344537785,-0.0001910384336712978,0.9824561403508771,0.9758713136729222,0.9990568666048568
26,minimo_muestras_hoja,min_samples_leaf,20,3,0.07971487520262599,0.9911283615192681,0.9935358758888171,0.006464124111182912,-0.002407514369549002,0.9865229110512129,0.9812332439678284,0.9979162004284063
27,minimo_muestras_hoja,min_samples_leaf,20,3,0.09392962488345802,0.9911283615192681,0.9883645765998708,0.011635423400129241,0.0027637849193973274,0.9754768392370572,0.9597855227882037,0.9981982270005617
28,minimo_muestras_hoja,min_samples_leaf,20,3,0.08558650012128055,0.9911283615192681,0.9909502262443439,0.009049773755656076,0.0001781352749241627,0.9811827956989247,0.9785522788203753,0.9981868089207174
29,minimo_muestras_hoja,min_samples_leaf,20,3,0.08688775007613003,0.9900194067091767,0.9903038138332256,0.009696186166774368,-0.00028440712404897983,0.9796472184531886,0.967828418230563,0.9943788792926271
